id,name,player_id,group_id
1,DRG,4,
2,ACE,,124
3,oGs,,81
4,FOX,,113
5,WeMade,,113
6,Prae,,72
7,Vile,,84
8,vVv,,95
9,LLL,,69
10,Quantic,,64
11,ESC,,45
12,EG,,40
13,ROOT,,39
14,coL,,38
15,Ax,,35
16,K3,,29
17,Acer,,26
18,aTn,,24
19,SK,,23
20,mouz,,22
21,aAa,,21
22,Mill,,19
23,Liquid,,18
24,TL,,18
25,TLAF,,18
26,TSL,,16
27,Woongjin,,15
28,Stars,,15
29,STX,,13
30,SKT,,12
31,SKT1,,12
32,T1,,12
418,Galaxy,,11
34,KT,,10
35,CJ,,9
36,NSH,,8
37,NSHS,,8
38,FXO,,6
39,FXO,,5
300,StuntR,4411,
1903,KnighT,6045,
44,ST,,1
45,MYM,,68
46,BaBy,63,
47,Wooki,1658,
48,Jaehoon,402,
49,Sang,279,
50,Alone,422,
51,Slavik,346,
52,sola,1793,
53,sHy,110,
54,Speed,1665,
55,Bogus,48,
56,T8,,14
58,Bboong,59,
59,B4,59,
60,YangSongE,499,
61,Illusion,383,
71,mazay,534,
63,Line,116,
64,HeavOnEarth,423,
65,Tyler,316,
303,Slayer,3147,
67,BratOK,131,
69,Sin,722,
70,NightwOlf,1628,
73,k1nder,1233,
74,tarra,292,
75,Ice,1230,
436,AReS,5196,
78,crazy-hydra,176,
79,Adel,187,
80,marine,258,
81,SangHo,113,
82,BBi,837,
83,Max,549,
84,Nettie,737,
155,HydraOrc,1302,
87,Duckloadra,164,
88,fatalattack,2540,
89,Ven,478,
90,WinDy,184,
93,fOKINS,1660,
386,Boris,4467,
188,Cacia,1693,
97,Excrement,47,
100,NewDawn,98,
101,Nbs,876,
256,Optimus,19,
103,sSKS,181,
104,MinSeOk,1336,
105,YeOpo,608,
106,GooJila,1695,
107,GooJila,1695,
1756,AzureFlash,7831,
276,My Intent,,145
110,Day9,2809,
111,FXO,,131
112,utstoto,1220,
113,HowAreYou,1725,
114,DemonSheep,1283,
115,NaGi,1974,
116,DS,2023,
117,InnateMasteR,1737,
120,Mio,322,
122,choisungil,2568,
226,Swarm,4458,
125,hOn_Sin,722,
126,yeongjae,1485,
127,LoLvsxD,508,
384,Mlord,1649,
132,Kilos,3742,
134,Zergtastic,4073,
135,dazL,4067,
136,Yurka,420,
137,TatOv,2246,
138,Happen,1795,
139,DarkStar,1680,
140,SSanai,2211,
142,Clarity,,57
143,Annn,1210,
144,yCH,365,
145,gerbera,521,
146,ostbahn,3700,
147,SsickeR,1397,
148,DreamBunny,1813,
149,ElvisJagger,4339,
150,SnO,1435,
152,Asurely,2574,
1758,OneStar,1750,
157,Most Valuable Player,,7
159,Empire,,30
161,Gamania,,43
162,BabyK,115,
163,FXO.EU,,5
164,NevaKee,1471,
165,Jogginghose,1428,
166,wbc,3166,
167,M18M,185,
168,Sson,185,
170,Cyrano,374,
171,Nuclear,198,
172,Hasu,83,
173,Spunky,1587,
174,Chipmunk,1163,
175,KYumer,1488,
176,Gas,1576,
177,Gilja,540,
179,Nuts,517,
180,vanvanth,453,
181,Fin,34,
182,BumbleBee,157,
183,Gato,655,
184,Enchanted,1116,
186,Gaebyul,207,
189,Uniden,512,
1907,Visual Arena,,200
1757,Ephraim,7831,
158,Karont3,,29
191,CubeBy,4451,
193,pokerface,1909,
196,Danosaur,1885,
197,Tear,68,
424,DrzWonnaPlay,1713,
200,AhhBoxxah,603,
201,Saphri,552,
1908,Commitment (沈辉),238,
203,Kuba,210,
205,Monster,30,
206,finale,37,
151,Fitzy,384,
340,Dezra,3867,
209,Vampire,105,
210,EllenKey,1682,
214,ViumMaster,1810,
225,P7GAB,1658,
219,Riddlez,3541,
220,WhispeR,4267,
341,Koreya,3867,
223,neX,460,
224,Carno,309,
227,Na'Vi,,146
228,Navi,,146
229,Berserker,1704,
230,gosuuser,168,
232,NrS,,48
233,HyDrA.Solic,3760,
234,komander,1135,
235,WJS,,15
236,MentalKing,677,
237,Size,1717,
238,Destructive,4267,
239,Mkengyn,1160,
244,Ali,4593,
242,Treeeo,4615,
2070,HellionKing,8155,
246,RPR_Tempest,4625,
248,Revz,470,
249,RufusReturns,1930,
250,FearTheSky,1930,
2071,Lastfalconfan,667,
253,Caz,4595,
358,VegaSC2,5200,
257,Blast,307,
259,Radiant,998,
2073,Instinct212,8328,
261,Shodan,552,
263,Cool,223,
264,Veritus,813,
265,MyWay,15,
267,Rhythm,344,
268,fastfake,331,
392,Stellar,1148,
271,Joshboy,4715,
272,userek,706,
274,Gaikun,1735,
338,SkipperSC2,3425,
277,Denial,,145
281,PicNic,595,
280,Swim,1760,
282,tRiXy,4393,
284,my4590,29,
285,skrduq30,43,
288,monster,1821,
290,Pezzaperry,4740,
291,flashpoint11,4741,
292,bifrost,4741,
293,ReVenGe,4611,
294,TrOnnn,1050,
295,HS,2567,
2075,xxjondxx,8329,
435,Rudy,2040,
298,Organ,1692,
301,xxeno,4069,
304,CBSchatten,3133,
305,Andead,591,
307,Blader,768,
308,rzrBlader,768,
309,Curse,575,
310,Varekk,4892,
311,sidonas,4972,
312,BBQ,392,
313,blood,3425,
314,Fiery,2219,
339,TheRipper,697,
316,Vega,,156
317,diesel,349,
318,Stalker,3139,
319,MindStalker,3139,
320,chopa,92,
323,AffeMitWaffe,4932,
324,Ms.Spyte,3585,
325,Tailss,954,
326,WaningMoon,4368,
327,Blacb1rds,4998,
2076,itsYoungLee,2071,
329,Hoon,64,
2077,AkSola,582,
331,Imagine,2290,
332,JustDontCry,3530,
2079,Oom,5720,
336,Bonk,923,
342,JJH,4436,
343,Albert,4436,
344,MiA,,159
345,Falcon,1017,
346,dajgoro,5166,
347,glurky,5165,
349,blynd,5172,
350,CraPPy,5174,
351,CraPPyVarEck,5174,
353,kamina,2238,
355,ryx,4840,
397,Ceonsamea,5289,
359,ZoeJane,790,
360,Beyond,4733,
361,HaJiHoon,5031,
364,DJ,2565,
366,HoBbeBBII,4200,
367,mYi,,135
368,Zero,2209,
369,yangr,1196,
437,leslie,5196,
371,Haruhi,2567,
375,LurkerSC2,2107,
376,Aku,1656,
377,masterdul,4629,
378,milesprower,112,
379,ESCShowtime,2170,
385,ALBM,1663,
387,MarcusAurelius,4467,
388,dft,5258,
389,uniQFazer,5258,
390,straight4edge,5267,
393,Musmi,5272,
395,Bloodlord,4231,
396,Vampz,2237,
398,bigollie,5293,
400,Korone,215,
403,iSHOKZ,2161,
2082,WrathsUnanimous,8332,
2083,alex869,2078,
2069,FeDe,6480,
2080,Qiufeng,5720,
1760,captainwaffles,2805,
407,Lucy,1652,
410,LASTSAMURAI,338,
412,annmma,1793,
414,Infin,188,
417,Optimus,49,
420,RASKOLNIKOV,5270,
421,JD,73,
422,dsMulti,4562,
423,Baconayse,4590,
425,Ursadon,565,
428,KilloD,5429,
431,robigi,4565,
432,Secret,4737,
433,SocialisT,4757,
434,hudadak,2044,
438,Zeppelin535,4707,
439,bopoznpvt,3741,
440,WW,,20
441,TygA,2220,
1766,TAYoungmin,4325,
1912,clc,,204
446,scrawL,2934,
1913,SunShinESWE,2562,
452,Xpec Ironmen,,105
454,Yoe Ironmen,,105
1770,Sony,3970,
1915,Rufus,1930,
458,Xanadu,1694,
1771,JaggerZerg,6617,
1744,DarKcS,4187,
1916,Team Influence,,205
1772,tbowyer,6541,
352,geodude,4840,
306,FunKaDeLiC,2247,
1917,Ayr,7997,
1918,"",,63
1774,TenderSteak,6165,
471,AcidiC,969,
1777,vVvRantech,3267,
1778,QxGZelniq,511,
476,johnj88,4592,
1922,randomneverwin,8022,
481,ImpacT,4744,
1924,Toshard,1643,
485,zoge,82,
487,terr0r,5540,
1780,CoinDrop,2785,
1781,REQfograw,3381,
1782,RufiO,397,
1783,Ang.Odin,920,
1925,yosep,2070,
1785,cDgFocus,1808,
1926,BSB,6507,
1786,VTFlow,2976,
502,Perplexity,586,
503,ajtls,234,
1929,TheUniqueOne,8061,
1930,TofuTerran,1750,
507,saiyan,4448,
508,Lamboking,4049,
509,supapower,5102,
1787,BTS,2149,
1931,동작그만치즈냐,1750,
1788,Delykat,3302,
515,CM,,170
1933,ZomgTossRush,2856,
1791,OmniscientSC2,6538,
1792,sssupply,6524,
1934,$O$,110,
1794,fitzhunt1,6502,
1937,fenhe,5946,
521,IM,,2
1940,Bandit,6082,
1798,TimeAtomie,3948,
1941,Aura,3806,
1942,Piimple,5305,
1799,GeNBu,455,
1943,Whiplash,8072,
538,ehdgussnla,90,
539,tidusmino,38,
540,zzkk12345,51,
541,nexhak,114,
542,hotcat,56,
543,ejh8053,505,
544,vgyu2000,100,
545,ekdh,2,
548,wlstlfdl,135,
549,psung,1274,
550,hdh0262,120,
551,supercoll,21,
1944,Titan,8072,
1800,Virus,974,
1946,Apoc,6281,
1947,Jacko,6064,
1948,SoftMachiNe,2452,
559,mewby,5645,
1803,jmhobrien,7860,
562,KiF1rE,1492,
1950,NoRe,7706,
565,MaestrOSAGA,3299,
1951,StorM,5977,
567,ProdigyKD,3369,
1952,stylinn,5264,
1955,XenoS,7699,
1956,Kaitlyn,5109,
1910,iG,,41
430,Drogo,5087,
445,STX SouL,,13
1767,youngminii,4325,
1768,random,4325,
1914,Spud,1930,
581,WeakPlayer,274,
1921,Inte,4068,
486,pringles,82,
584,venipro,5768,
1784,TTOdiN,920,
588,GosuCage,5450,
591,StevenDigul,5779,
1790,iEchoic,6503,
1796,NotAfraid,352,
594,heysexy,1697,
1797,caval,1623,
536,Obfuscation,790,
563,kiwiLighT,594,
598,PRETTYBOY,5836,
589,Cage,5450,
590,GosuSalva,5450,
607,Veno,4172,
608,Midori,3308,
488,MKP,14,
419,DarkStar,4491,
537,mYiBoombox,5127,
530,Heuah,5614,
609,fOu,,4
2084,Yakero,139,
2210,Jerdong,8484,
2369,S.o.K.o.L,1627,
2370,Zeini,4341,
617,MoskoTheBear,4773,
2371,JiTaeHoon,1475,
620,Iso,5069,
621,Tokiloki,5771,
2373,逆风网咖,4015,
2376,Teddyoojo,3858,
2377,Akunokami,6004,
2379,ander,8819,
2381,ProPatria,414,
2384,SMOKE123,5550,
2386,Spider,,58
2390,xHyDrOO,1783,
2391,zoo,,154
642,Calthrash,5604,
2392,violett771,4986,
2394,FiLLy,4845,
2395,imba.red,2434,
2396,CryGirl1921,958,
651,H4Nfy,196,
652,servyoa,326,
2399,slrpaktd,1379,
2400,Incredible,3889,
656,mylove,2461,
657,asd,3097,
658,Duhen,413,
2403,SaviorSC2,1819,
2404,noob,8869,
2405,EndlessStorm,4815,
2407,Drunken.Jedi,2921,
2414,PocketKings,241,
2415,Sociopathic,1614,
2416,ShamaN,8880,
2418,HeinsteiN,6857,
2419,aapjenootje,638,
2420,CubeStaR,8882,
2422,SkyLine,1418,
2423,KatyPerrylol,3589,
2424,LtcDatA,7528,
2425,KangHo,31,
2426,DanteStyle,5242,
2427,iMtEkNa,1303,
2430,Martusia,3163,
2431,Moi,4695,
2432,CoR,7931,
2433,TRurge,4422,
2437,MoriyaSuwako,5632,
2438,MechMasTeR,7741,
2439,秋失菊,8680,
2441,WackYavaPL,4732,
2447,RsEcommander,5834,
2450,OutOfReach,8531,
2451,ChiLL,8922,
718,kokodasi,266,
2452,SneeZe,8922,
720,SyNc,2505,
2455,animosity,2424,
724,VYECLN,4473,
2456,Monty,4675,
2457,JiMkLaBiM,3531,
727,FrayztheUsher,6002,
2458,Sheriff,5245,
2459,Eclipse,1023,
730,LaVaRotcod,4079,
2462,Demo,1113,
2463,ONDA,1043,
2464,Dreamhigh,296,
738,Jacob Posen,6006,
2466,eNtenergie,8935,
2467,TributeToMe,308,
743,Savage,1662,
744,Absolute,1530,
2469,boys,172,
2471,n0ise,3513,
2472,KrooT,8830,
749,Tyrannosauru,6047,
758,Mikasa,1900,
2481,Geist,841,
760,GeneratioN,5744,
761,Konayuki,6068,
762,Kaiser,6070,
2482,Slammer,3817,
764,HunteR,5590,
2483,Kusai,833,
2484,bH,8940,
768,StealThor,6099,
2486,Atomic.netwars,8942,
2487,SafariZerG,3870,
2488,kami,5857,
2489,Kami,2417,
775,BaaldEagle,6083,
776,Xlayer,5586,
2492,monx1e,5858,
2493,Haravante,5892,
2494,TaylorSwift,1011,
2496,Ceph13,7527,
2497,BasheR,1391,
2498,Invasion,,249
2499,Inv,,249
790,riko,6172,
2398,Koloss,6254,
1804,ProZerRanDom,5741,
2372,허준과침,1475,
794,BurNing,2566,
797,Bong,713,
2378,Pneumothorax,6004,
2382,Locco,414,
633,LazyPanda,4703,
2383,Mini,414,
2389,Organic,7950,
2401,Thornton,7950,
2402,ICaRuS,7950,
2406,nEgativotakE,4815,
2417,TerrorBasher,8880,
2442,KierowcaPKS,4732,
2453,EditNChmp,5751,
739,FzUsher,6002,
2468,Arak,308,
2485,정연수,7299,
2490,iNDescay,5146,
2491,PosTorov,5146,
2495,Virus,3817,
2501,Blah,5262,
804,Beach,1514,
1805,SuperDope,7424,
1806,Another,1447,
1808,Sin,7861,
814,Drinksalot,5975,
1972,CheesyFluffball,6037,
1958,Shad,5609,
1813,EllenPage,1203,
1814,Fus,7862,
1815,Schwi,472,
1960,tmek1234,54,
1817,Jarax,4887,
825,RiSK,590,
826,PeaceKeeper,2087,
827,Kal,1695,
828,GameOfThrows,3328,
829,xStorMz,5103,
830,gRF,5964,
1818,jmc0617,36,
1819,Equilateral,556,
833,Goldfish,4179,
834,ThePravdo,6212,
835,MrAc,6213,
837,etherealfall,6214,
1961,xpPoseidon,5255,
1821,YshPloT,2256,
1822,AiHonor,290,
841,Enemy,6041,
842,Archon,6118,
843,WallEEEEEEE,5094,
845,MrMew,6069,
846,Chaos,4628,
847,Glitch,4616,
1962,YouRush,782,
1963,BlackMamba,7813,
850,SkinnyNerd,6122,
851,Yoona,6053,
852,Kashimashi,119,
854,MGoon,6233,
864,Noapios,5182,
1965,Pocasso,1894,
866,PenguinCosmo,5735,
1829,Chen,7867,
1831,DemonizeKyO,3004,
870,SuoliDneo,5980,
1832,DeadlyDildo,6307,
873,trickyoboy,5649,
875,dandan,5947,
1833,NostalGic,6307,
878,Raine,6139,
1834,Zebro,7868,
881,Partysaurus,802,
1836,DyMsyM,7870,
1840,Vaxla,6109,
802,Samsung,,11
803,Samsung Khan,,11
889,Khan,,11
894,BinLaden,6307,
895,SparrowsNest,6109,
896,MoistSponge,6326,
897,Salokin,6326,
898,Carfos,6328,
899,CPJC,6329,
900,Steak,417,
901,Stealthypoo,4353,
902,bNydice,2022,
903,PoultryPouch,5205,
1976,LinGcHOu,1884,
1980,KNinetales,8110,
914,PrometheuS,4619,
915,ParO,6104,
1981,Tree,229,
917,iLLusion,6375,
1983,Pummblebee,6799,
920,Eisenhart,4329,
921,Crankenstein,6377,
922,DrSayus,6376,
923,Duxxie,6211,
924,tayHWAITING,6077,
926,grimzreaper,6324,
927,MK,4750,
928,MegaFonzi,4595,
1984,NotPotanox,6925,
1985,Cyclone,6619,
932,Spark,6382,
933,WendYChyE,6382,
1986,Bisu,8111,
935,SlayerSPoon,6385,
936,missAsuzy,5102,
1987,iwantproteam,7820,
938,EEcko,,181
1988,MrAc3,6213,
1989,iF Gaming,,212
1991,.SCA,,144
1992,Team Nv,,51
947,Alan,6281,
1997,gaucho,6583,
950,ikki,6390,
1998,Arrogance,4606,
956,DucksChair,6035,
805,sukjp123,1514,
808,Blackb1rds,4998,
1810,Laby,521,
1811,Serendipity,521,
1977,tekkez,1884,
965,AlexTarkoff,4458,
966,frostSwarm,4458,
968,Buzzbin,6404,
970,Ccalms,6422,
980,Fugazi,1381,
981,Aya,1497,
984,hlinhd,6458,
985,scakamker,4447,
987,ZoAC,5981,
989,3xTr4,6012,
993,Hiro,1721,
1001,thanatoss,6475,
1002,Babybaby,6474,
1003,PainKiller,166,
1005,Moo,6484,
1006,Xwoa,6503,
1007,Skeksis,6490,
1132,ETL,,142
2085,bezrazrivov,72,
2087,Behe,5185,
2088,Lyco,4690,
2090,Suzy,5102,
1841,ETLninja,6584,
2091,kimdokyung,195,
2092,Hebe,8335,
2095,Golmgh,1586,
2104,Prototype,1072,
2105,tot,8355,
2108,gladiusreal,8363,
2110,MensA,1714,
2112,TAsc,,144
2113,Jollyman,7380,
2115,GoSu,2954,
1047,Dusk.asunder,6540,
1049,Skee,6542,
2118,ShaggySan,8387,
2120,flexxzorz,8389,
2121,BuddhistSC,8392,
1054,Kolu,3097,
1055,Nabil Zakhari,6568,
2122,sctipton,8393,
2123,imakeroaches,8394,
2124,systemkaos,8396,
2125,Shiver_Fallen,8397,
2127,drewwarren,2885,
2128,Malyksiaze,6932,
2129,Balimaar The Bass Fish,8409,
2130,Gamtja,8414,
2132,Zabaleta,3954,
2133,Awersin,4830,
1068,GreenArchon,6118,
1069,SayfT,6573,
1071,IrisJD,6224,
1072,JD,6224,
1073,MuShzz,6369,
1074,mcaspook,6092,
1075,ZenAkuu,4628,
1076,iomega,4750,
1077,Slayersmoey,6365,
2134,KillerSponge,8418,
1079,Slush,6579,
2135,JungleKing,395,
2136,gLoOm,8419,
2137,miquh,5569,
1086,Trinixy,3836,
2141,Rain,318,
1090,thedwf,4705,
2142,FreeDSL,66,
1092,SMILESpuma,6580,
1093,IEpwoq,2452,
1095,NeoStrike,5968,
1096,sKyAU,1929,
1097,Pickle,6230,
2144,Freedom,8352,
1099,Ehrgeiz,1148,
1100,Nux,3328,
1101,Stally,844,
2145,Comeback,91,
2146,Exo_dus,2875,
2147,sung123,272,
1106,teaCherWISH,3712,
2148,Mug,2878,
2149,FenderStrat,6614,
1111,David,6659,
1114,Denizen,6667,
1115,AeroGear,6690,
1116,Schucks,6686,
1117,Ryan,2894,
1121,FrO,3018,
1122,qwerty,6706,
2157,Buffalo,8368,
1125,Laid,6762,
1127,hgaltria,2330,
1128,BiSu,6197,
2161,brutality57,8436,
2162,Precipice,3405,
2163,Zukarakox,3225,
2164,laneir85,8439,
2165,KarneEspada,3562,
1139,Nimzoh,6805,
1140,Driftwood,6805,
1141,Daniel,6807,
1142,DannyTheDog,6807,
1143,Kyzersoze,764,
1144,BosseR,1932,
1145,kisado,6348,
2166,bugerking3,8441,
2167,Walamor,8442,
1150,isaK,666,
2168,FireBoltHero,2127,
2169,Preston,8445,
1153,zionman,1399,
2170,MegAMaN,8448,
1155,RogaloS,288,
1157,Blesser,2969,
1158,TTOne,180,
1159,HanThunder,96,
1160,Phobos,704,
2171,Rockd24,3243,
1162,DjPulse,352,
2173,laV,3529,
1165,PeterF,6850,
2175,Valor,2066,
1169,MathMaster,919,
1171,definitelymiwa,6303,
2177,HDGamer,8458,
2178,TylerRosen75,8460,
1176,monty113,725,
1177,theAscending,5591,
1178,Target331,6791,
2094,AngelGirl,737,
1180,Hincram,333,
1181,GdR,2899,
1182,sAint,2773,
2100,Tester,181,
1185,VictoryTilly,832,
2101,TricKsteR,181,
2106,Chiddiru,6480,
1188,kite_dothack,5743,
1189,Surge,5588,
1190,Akisto,868,
2111,SurfKinG,7839,
1193,Kyoshi,3728,
1194,Desis,531,
2116,powerfullone,2954,
2119,RyanNOVA,2894,
2126,Rhavanna,8397,
1198,Rosewater,6902,
2138,FoxeR,14,
2139,Killer,113,
2140,BabyByeBye,113,
2150,Dabura,7430,
2151,staLchiLd,7430,
2152,inFistY,7430,
2154,RavenScout,5741,
2155,ptolemy,6583,
2156,Standard,6122,
2172,Rock,3243,
1200,RealRob,3132,
1204,Sinatra,2544,
2006,이상준,933,
1207,Azzlack,539,
1845,SmokeyMcPot,7899,
1209,IDDQD,806,
2007,조병세,248,
1211,LastManDancing,1278,
1212,StarkyLIFE,2858,
1215,Frequency,1255,
1218,Scooter,443,
1219,Chezar,3645,
1220,cbRRRR,3847,
2012,Spearhead,7991,
1222,Mnck,726,
1225,sed,145,
1846,BigIndian,851,
1847,Runaground,2396,
1848,Eizcaj,325,
1231,Ryul2,1662,
1232,CliMax,1662,
2016,Gabriel,1522,
1234,Sushilicious,622,
1235,PRiDE,1242,
1240,dApollo,5999,
1241,DanZC,6174,
1243,Delusional,6926,
1244,fal,6926,
1245,oogray,6926,
1246,PeGaSuS,398,
1247,Snake,213,
2019,天野远子,5274,
2020,Louis,7813,
1253,aFFeXecutor,406,
1254,Lengnan,467,
1255,YW,6945,
1256,Eagle,2310,
1261,Boombox,5127,
1262,mYiJade,5111,
1263,mYiJaypower,4443,
1264,GoogsEX,6952,
1265,이종혁,96,
1267,NeaR,6966,
1271,117,7003,
1854,Tricide,7904,
1276,윤성원,7023,
1277,935,6977,
1283,조성재,7037,
1287,이현우,1951,
1295,곽동식,7056,
1296,정현빈,7057,
1297,김성태,7058,
1298,이정인,7060,
1299,김용준,7061,
1300,조현상,7064,
1302,이천재,7069,
1304,류다윗,7073,
1305,장지연,7074,
1306,임원기,7078,
1310,xEverlast,2473,
1311,Gun,856,
2023,kyung,5106,
1855,Chickdealer,7904,
1316,elain,6303,
1317,Elliot,4626,
1319,kikovti,7101,
1320,deecee,7101,
1856,Aeropunk,7838,
1322,NeeT,640,
1323,Alliance,640,
1324,Kanade,640,
1857,mTz,3418,
1326,KiisS,2082,
1858,Dakas120,1192,
1328,LM,6084,
1329,Bliss,3101,
1330,Senjougahara,7105,
1331,Rusty,6574,
1332,RustySCV,6574,
1333,alessaila,7104,
1859,ItsNotLupus,1278,
1335,RageBlade,1236,
2024,Equilibrium,5455,
1337,frank,7111,
1338,Qwerty,6073,
1339,MattyNZ,1029,
1341,genja,5102,
1342,jcpabc,7114,
1343,StalkeR,5529,
1345,Unleashed,834,
2025,Zealot,5101,
1347,AbSTrACt,7115,
1348,fatmonkeyfly,7122,
1349,tagcheong,7124,
1350,TeCumGuzzler,7127,
1351,YeahMate,7118,
1352,Moneymakermike,7136,
2026,RaDoK,5101,
2027,cEbA,5101,
2013,Chasu,6100,
1356,Kiswar,7139,
1357,Demonslayer,6578,
1358,NiDiaoBaoLe,7141,
1359,obey,7142,
1360,jayaiwhy,6303,
2018,Do,2739,
1273,김진욱,7014,
1279,안기용,5028,
1364,TheOcean,7148,
1290,강민재,7049,
1366,AcE,7151,
1303,김영호,1995,
1368,IIiiviiII,7163,
1370,Jack,7168,
1372,brandyakiko,2928,
1373,Winsor,7171,
1374,UndoNe,7172,
1375,kawika,6470,
1344,fafon,1050,
1377,gosufavi,4303,
1380,isTheBest,7206,
1381,RedHaZard,7209,
1382,Leviathan,7209,
1383,LunAStaR,7213,
1384,Ai,,27
2028,Serendipity,5607,
1389,FrayaMonsteR,5910,
1390,ThankRush,932,
1393,J,94,
1394,고대호,7290,
1395,김창현,7291,
1397,배승영,7296,
1400,차성민,7300,
1401,차현동,7302,
2341,GuHaRa,693,
1403,김재영,7293,
1404,김덕용,7294,
1405,이기윤,7295,
1406,박재우,7304,
1407,이한주,5004,
1408,이준수,5036,
1409,엠에스아이짱짱맨,7299,
1410,김창규,7310,
1412,신건우,7311,
2342,wOn,736,
1416,김건호,7316,
1418,최영민,7318,
1419,김영진,7319,
1420,정주홍,7320,
1421,김태환,4954,
1422,박홍근,7323,
2343,LaOnZenaMoon,247,
1424,서보균,7326,
1429,조준상,7341,
2344,Equinox,8714,
1431,성석현,7343,
1432,김태현,1954,
1433,박형준,6987,
2345,Pandrum,5949,
1435,윤종현,7348,
1436,김동진,6999,
1437,김승현,7351,
1438,이재호,7353,
1439,이정훈,7272,
1440,경준현,7063,
1441,최성일,7356,
2346,RIQTroy,8715,
1444,BBatta,1793,
2347,EpicMuleTime,8718,
1446,채승빈,7363,
1447,차대한,7364,
2349,DQ,5251,
1454,Galaxy,205,
1455,SlowhandApM,6111,
2350,Thinois,5333,
2351,Apollon,1436,
1459,TartAR,1027,
1460,EFrEEt,4453,
2352,Xanatos,3724,
2353,Tarti,4692,
1465,Fear,644,
1466,TiredIrie,419,
2355,prokiller97,8104,
1470,RaiN,7194,
1472,KingCrimson,2802,
1474,SecretJieun,6276,
1475,Nyancat,6084,
1476,Giftbox,7399,
1477,PiPoGevy,7208,
1478,ProAnn,1210,
1479,Menace,7401,
1481,Jeremylin,7410,
1482,FNG,7411,
1483,Suicidez,7412,
1484,Jasper,7413,
1485,Doremon,5528,
2361,Dudek,3896,
1487,justAname,7420,
1488,vKOop,7426,
1489,Oop,7426,
1493,Discipline,4190,
1494,Phoenix,7427,
1495,GauL,7428,
1496,PoisoN,7430,
1500,MannerMuled,1903,
1502,Gunz,7439,
1503,FlyingBanana,4751,
1506,Vais,1276,
1507,Zeratul,4164,
1509,superman,7482,
1510,souljah,7483,
1511,Fraser,7489,
1512,Neo,4173,
1513,neoneoz,4173,
1514,neoneo,4173,
1515,juslai,7497,
1516,Flamy,1236,
1518,Seinis,424,
1519,smilekr29,28,
2367,sLiMpoweR,4481,
2368,Joe,1788,
1524,Kiss,2082,
1525,West,6155,
1526,EveWest,6155,
1528,wTAce,7151,
1529,RyoOMak,526,
1532,johndoe1060208,319,
1553,Cookie,3530,
1385,LUCiD,6174,
1535,LucoxP,5935,
1536,ejozi,3942,
1391,FlyRush,932,
1540,SexyAcey,5638,
1541,tuXek0x0,3579,
1392,carefly,932,
1543,lolrofl,1433,
1411,장지연,2307,
1545,stunzy,7501,
1546,Blessed,2743,
1547,suman,7485,
1548,must_try,154,
1549,OhReseT,3341,
1550,aidann,3928,
1552,TheViper,7557,
1555,IchoBicho,3717,
1556,IntoTheSnow,2286,
1557,MooZfy,2082,
1558,World,2082,
1559,PeekABoo,7437,
1425,김민섭,7328,
1426,노원준,7329,
1427,김현태,7333,
1428,이태훈,7334,
1448,김경모,2571,
1451,이원주,7025,
2348,AKs,6850,
2357,Vralaren,2238,
2362,dudi,3896,
1527,RoeShamBoe,7151,
1530,brrrR,3132,
1531,iMuStbEeMo,3132,
1560,EntaroMatino,7492,
1564,sArchonGG,6118,
1565,GoSuArchon,6118,
1566,Cronos,7579,
1567,knOx,7579,
1569,CrazY,7582,
1570,breeck,7582,
1571,LittleSnail,2083,
1572,ZizLah,7588,
1573,Churyuyang,5106,
2031,Dark,5233,
1575,TheDarkRider,6922,
1576,Sojin,6276,
1577,CrayonPop,6276,
2032,Archer,8069,
1580,Fire,7598,
2034,nostalie,1723,
1582,konek114,1301,
1583,Baz,680,
1584,DeaDEmperor,7230,
1585,iPaShaS,1577,
2033,Gavrael,307,
1589,zergstyle,7616,
1594,김경민,7618,
1595,백승재,7303,
1596,민승기,7619,
1597,이혁준,7605,
1598,김용민,7606,
1599,침묵,991,
1600,오상협,7621,
1601,이준수,7610,
1603,jrecco,165,
1608,Jianhao,4661,
2039,IbTcTossOP,8201,
2042,Ending,215,
2044,Josiah,4491,
2046,Phierz,3433,
2047,Eternal Plague,,228
1619,ChuckNorris,1162,
1620,DoingYourMom,742,
1621,sloth,6858,
1622,pHaCe,4757,
1623,Kalpman,4757,
2048,HERMES,4682,
2049,oGd,,233
1626,oUCH,823,
1627,BOMJ,721,
1633,Eternal,218,
1634,LaZ,240,
1636,FRoSTy,5318,
1638,STorMaGGeDoN,660,
1639,ChavoDelOcho,7653,
2050,Ozone Giants,,238
1643,StomR,6916,
1644,LaZyCoLorS,7659,
1645,nfteamPurple,872,
1647,MittyKun,6380,
2051,ZeRRoX,1337,
1650,twilight,82,
1654,Trigg,480,
1655,Genius,5969,
1656,shadow,3598,
2053,Hilde,1145,
1659,Simple,2035,
1662,Fatnerd,6087,
1664,Triavoid,1304,
1665,nuclearwinte,7675,
1666,Padawan,7398,
1667,Flood,470,
1669,kira,1714,
1670,Polka,7399,
2059,PsychO,1315,
1672,HeX,6603,
2060,GravTrace,6599,
2061,WinterStarcraft,2100,
2062,Shibby,708,
1677,Rawls,7707,
1678,CwnAnnwn,7706,
1679,AcX,7715,
1681,Celerity,2722,
1682,Liberty,5108,
1683,Anirtak,7718,
1684,Gonard,7724,
2064,CroW,6960,
1686,Glow,1889,
1688,Starhunter,3008,
1689,EraserRain,4368,
1690,MntSlandSlasH,4172,
1691,Hellee,7730,
1692,Regius,7136,
1693,Dexterique,7733,
2065,ErHurricane,5844,
2066,MinChul,8321,
1697,SoonKyu,6094,
1698,TheCSerps,7753,
1699,Tazenernix,6220,
1700,Jak,4119,
1586,GuiltyCrowN,5011,
2040,Cutebot,215,
1704,Smallsacks,3604,
2041,SadArthur,215,
1706,NeMeSiS,5091,
1707,TOdesKaMpF,5336,
1709,puzzle,7504,
1711,Xiaogua,3545,
1712,Eric,578,
1637,Mystic,5318,
1714,ChrisFreak,4109,
1715,Sid,2129,
1641,TooEasy,3036,
1642,Akita,3036,
1719,elf,7654,
1725,iLPuPo,5414,
1726,XVMaelstromVX,6531,
1727,LimeNade,3334,
1728,ThevilBob,6500,
1729,sc1pio,6761,
1730,Exh,4944,
1731,Chezmaster,2497,
1732,Dukke,2951,
1735,jeremiahthebullfrog,2069,
1736,Steve,3832,
1737,Rebornx3,6661,
1738,Tango,6504,
1739,Dellar,7376,
1740,sCztaaar,1098,
1741,isurusCham,1098,
1587,saviOr,7375,
1747,Kachinsky,7819,
2068,Stratyk,,243
2181,xiourtil,3032,
2182,sLeEpy,3535,
2183,blind429,8463,
2184,StoicForm,3214,
2197,epzero,8171,
2185,Dimension X,8468,
2186,rSAizen,3202,
1871,ZanooKu,2272,
1874,Pink,331,
1875,Savagex,502,
2188,Carl_Caliente,8471,
1879,Mantastyle,7812,
1884,AyGj,249,
2189,Exialol,8472,
2190,RonRAMBOKim,8474,
2192,Bertholomule,8478,
2193,Gx_Iron,3191,
1892,agfoxGnom,1325,
1893,GosuHaube,4910,
1894,TaKeSeN,1443,
2194,Limniscate,8475,
2195,Kratos,7687,
1900,acer,4460,
2196,Denestra,8171,
2198,Succeed,4394,
2202,KimG,7814,
2203,Prodeje,2392,
2206,Rache,759,
2211,Destination,494,
2212,Terminator,6089,
2215,fleamick,8487,
2222,u3p0ga,4465,
2231,Darknoobik,4700,
2233,GreatPumpkin,8513,
2238,DBergie,8518,
2239,Darko,2382,
2240,LivingFreak,8526,
2242,cloroxo,5535,
2243,Ginko,5534,
2244,Jaegon,1686,
2245,Morph,130,
2247,Boyardee,89,
2250,Sherry,2573,
2251,Hobot,419,
2252,MuTa,2120,
2255,CSNTC,8,
2256,LeIrAnEr,574,
2257,qwewqew,1615,
2258,Crixus,1441,
2259,whodat,30,
2264,Hatchery,7043,
2266,hard,3449,
2267,Nick,8555,
2268,Nigam,2415,
2269,coldfear,8556,
2271,Phuzzy,6195,
2272,MarkC,999,
1723,memOryfreak,4814,
2273,DeMoN,6272,
2274,True,3060,
2275,Expect,1061,
2276,RaXiL,6198,
2277,Kintaro,1086,
2281,Areah,1392,
2282,pr3bs,4714,
2283,Oneill,3322,
2284,Kurafeissi,1129,
2287,Neikon,1599,
2288,Satriani,5592,
2292,ByStriKE,5968,
2293,HeaVeN,6111,
2294,j3dy,8583,
2295,OneMoreWin,2422,
2296,Konen,5775,
2299,After7days,4336,
2300,ArtVandelay,8602,
2302,InZaNee,5065,
2303,MouSe,4397,
2304,Twizi,4397,
2227,WhiteRa,164,
2306,MarineEmperor,8646,
2307,sh1n4b1,2908,
2309,GoonerZak,1362,
2310,SpiCer,1051,
2311,MangoMountain,5543,
2313,kivikakk,8649,
2314,YoeFW,,105
2315,mtheg,3638,
2317,MakeItHappen,5852,
2323,TigeyWigey,4610,
2325,Wayi,,58
2326,AlbertHR,8657,
2329,DgNa,5104,
2331,kazi-96,8661,
2332,makobollin,7684,
2334,Stawosky,850,
2335,D3xTer,3485,
2336,Hejsoede,5809,
2337,EDEdDNEdDYFaN,4032,
2339,DeeJay,818,
2199,wlsgur0429,2566,
2200,wlsgur,2566,
2201,Dav1oN,5296,
2205,codegeass,322,
2207,ON,56,
2208,Joon,100,
2220,战场原的逍遥哥哥,6285,
2221,benownurass,7675,
2223,TeslaProtoss,4453,
2224,Guthix,7524,
2226,Dav,5296,
2232,CrazyPanda,4703,
2234,大南瓜,8513,
2241,RVgbyteRPR,4189,
2253,ForAWhiteGuy,420,
2254,Ipoh,420,
2261,Fox,2053,
2263,Lallaplooza,5011,
2265,g4me_ov3r,1441,
2278,KobrA,2951,
2279,SoniK,2951,
2280,MeSiaH,2951,
2301,remakeedge,5267,
2305,WorningMood,4397,
2318,acFavOr,5888,
2319,qcFavOr,5888,
2321,LateBloomer,6324,
2322,wTinte,4068,
2324,Reaper,4189,
2327,Glowy,1889,
2328,S2Glow,1889,
2330,BlackStar,5104,
2338,LiLMiSsChiBi,4032,
2502,NumberFive,4455,
2503,GeForce,8152,
2509,Char,8713,
2510,苦逼初三一毛卡,8978,
2511,HerrderDinge,3647,
2517,Astropenguin,6461,
2519,AkkiS,337,
2520,Jinto,1558,
2524,独饮月色,8872,
2528,Chaos,8987,
2529,reeaL,8988,
2530,Link,8990,
2532,BsKCoto,8995,
2538,AJ,388,
2539,机巧少女不会怀孕,8375,
2540,天锁斩月,8164,
2541,Pod4ek,5862,
2542,RealRyuu,7909,
2543,DangerJunior,5819,
2544,MrKillous,8676,
2546,4eJloBeK,647,
2547,LLlaxmaTucT,9006,
2549,Funkyy,367,
2550,Sundial,7956,
2554,jmui,5264,
2556,Niftynathan,5208,
2557,Savior,8000,
2558,SteelMaker,88,
2559,PickleWeasel,6230,
2560,Schmurk,4849,
2561,Roage,4164,
2563,fox,213,
2564,ILoveSmile,1423,
2565,j0ran,6747,
2566,aepal,9049,
2569,PzychO,8991,
2570,KendoKaponi,8785,
2571,iTcouLdbeWorsE,9060,
2572,theProdigy,3369,
2573,TheAvatar,2477,
2574,PlayArcher,2487,
2576,생명공학부,9066,
2577,TCM,,247
2578,MrChuck,7529,
2579,Rik,9067,
2583,Horror,9074,
2584,nOTEH,4710,
2585,Liliputin,5076,
2586,DoPe,9076,
2590,Knob,1209,
2591,IamValkyr,5073,
2595,Arithmetic,9091,
2597,Jonoman,6543,
2598,Forte,6197,
2599,LastMaker,593,
2600,PlumbA,1048,
2604,n0ave,4963,
2605,Absentia,9127,
2606,Diallo,3284,
2607,pingEling,2980,
2608,MartynX,9131,
2610,hawthorn,4080,
2611,MÖRKRIDDARE,8610,
2612,JevynSlayer,8178,
2614,Twig,7673,
2615,Weeze,8839,
2616,THEWAYIAM,7999,
2617,ooks,1748,
2621,pete1242,9163,
2622,NAoC Reason,9166,
2623,GreatSoldieR,2296,
2624,GhoSt,2296,
2625,Pranav,9182,
2626,CapnObvious,9182,
2627,Ltndmega,6472,
2628,GHSTxJet,9183,
2629,Maximus,9186,
2632,Igro,9198,
2633,iLoveMKP,5645,
2634,zac3138,5176,
2635,SamTheMan,5169,
2636,TheCreaturEX,8356,
2639,Gwailo,4221,
2640,Deathestar,9187,
2641,Halcyon,4666,
2644,Potthead,8067,
2645,gh0zt,9208,
2647,OnSpeed,5578,
2648,RapującyTost,9028,
2649,Bisu,5451,
2651,Pain,5297,
2654,saviOr,5302,
2655,Moop,9211,
2656,Leonardo,9215,
2661,gosuser,168,
2662,MasterRN,8447,
2665,funlovingbunny,5705,
2667,OracleKing,5310,
2668,simon,2289,
2672,LgGameJothQF,9263,
2674,l4mun,9266,
2676,Icky,9268,
2677,TcBoRdAn,9273,
2678,Ferocity,9170,
2679,aGiLeZERG,9280,
2681,Voices,9286,
2682,BuiBui,7549,
2685,Ascension Gaming,,255
2504,宣宗,8152,
2512,KatyPerry,3647,
2516,Chobo,5262,
2562,포동포동,213,
2596,Voidorma,9091,
2601,GeeKOllie,5293,
2602,PandaLove,5293,
2603,DayNine,5270,
2618,Final,998,
2619,azzlol379,998,
2620,oneatwoathreeafoura,998,
2692,希望,761,
2694,金牙霸霸,8154,
2696,焘宗,9295,
2698,gines,8591,
2699,Anyppi,39,
2703,xzidez,1321,
2704,BerryCruncH,9245,
2705,RandyMarsh,9321,
2706,Zeerax,8591,
2708,Coffee,9324,
2713,Sammy,7936,
2714,Sam,7936,
2715,Dominus,9336,
2721,younglove,9341,
2722,大猫,9339,
2723,万里独行田伯光,8374,
2725,Bert,6179,
2727,TesseracT,773,
2732,Doe,1783,
2751,ZIRA,6739,
2756,Dazz3,1122,
2757,成之内,8873,
2759,QuickSilver,3501,
2760,Seffy,9353,
2761,iNt1wec,5448,
2763,Gosling,5954,
2764,CK,8376,
2765,Xtremopp,2332,
2766,MT.Effect,9354,
2767,cocain213,9357,
2768,crazy,8591,
2769,RatstyleExE,5355,
2771,晚安,760,
2779,Nortonn,9057,
2782,WOLOLO,7557,
2784,JoFritzMD,4617,
2785,dudeface,9380,
2786,4Relic,9382,
2787,AxiS Outsourced,,179
2788,AxS,,179
2790,FaNaTic,2928,
2791,Vim,3077,
2792,NaMeL,6278,
2793,Trident_Tail,9391,
2794,CerpinTaxt,9391,
2795,Nevarium,3042,
2796,CakezSc,2128,
2797,TUX,9399,
2798,TUX359,9399,
2804,jayTray,3204,
2805,EternalDukkha,3201,
2810,BuGOuT,3217,
2811,Sugarcoatedsoul,532,
2812,foxd,5264,
2813,Muthu,4175,
2815,BMBM,8684,
2816,Asraiil,9368,
2817,DreaM,9444,
2819,Rhinomeister,7697,
2820,Kryy,3205,
2821,kevizoid,2298,
2822,Duhrdy,3196,
2823,WaZSkynet,1415,
2824,UBERtoSS,3190,
2826,Misery164,9451,
2827,Osiris,3238,
2828,Flabulous,3236,
2830,DrewMarlowe,3234,
2831,ExCaliber,1085,
2836,Skeebz,3230,
2837,EccaEcca,3228,
2839,Dice,9455,
2840,Sona,3219,
2841,ManToss,3218,
2842,Maus6,3159,
2843,Militia,8591,
2844,Ouch,1171,
2847,Connny Duck,4357,
2850,JefBadStyJou,9467,
2851,AsTeRlathnic,3482,
2852,MiCrOLiFeX,7221,
2853,NinjaNight,9474,
2858,Hasunet,4260,
2860,Arch00,3387,
2861,Cryptos,9477,
2863,PROCHEETO,8424,
2864,MGHero,6467,
2865,Soedinho,4657,
2867,Autumn,5143,
2868,maskED,5190,
2869,Schizophren,9494,
2871,Googlegod,9500,
2872,Tempest636,9505,
2874,zerocalorie,9508,
2875,MayOne,9514,
2807,8th,,14
2808,Jin Air,,14
2809,Jinair,,14
2736,iA,5945,
2666,Emyndri,5612,
2748,feverpitch,6949,
2749,CodeG,2739,
2750,tmduhen,413,
2752,Sonnenkind,89,
2753,GreeN,89,
2754,MeatyOwlLegs,89,
2755,kurorolucifer,89,
2758,Lovette,6179,
2770,棋客,3610,
2772,ZK0,5948,
2789,flyingmoo,2928,
2800,nharvey92,3213,
2801,Parasite,3213,
2802,Bluewaffle,3213,
2803,Majestouch,3213,
2806,Monolithic,3201,
2829,luvtaeyon,4187,
2873,fullmetalbawie,6925,
2876,해신,9509,
2879,LSRoRan,9002,
2880,EnrageMarine,9539,
2881,helpme,9507,
2883,Foolish,8684,
2884,STRONKDUDE,2169,
2885,raX,9547,
2886,LaVaWolf,9549,
2887,NhcDAVE,9551,
2893,expaleksN,9557,
2894,AZKwolf,2527,
2895,NEON,757,
2896,LimPL,9571,
2898,Rekt,9572,
2899,Firstlove,9572,
2905,VeniVidiVici,940,
2906,BillyTheKid,9334,
2907,forevertrash,5890,
2908,GropherEX,4939,
2911,OMAR,623,
2915,ludff,4710,
2916,Firefly,4168,
2917,XenomorphZ,4533,
2918,Lolindarf,4843,
2919,CreamStew,9638,
2921,SnovskisFan,4138,
2922,DCjamesbond,7986,
2923,VitaminDC,7986,
2924,blastyblast21,9650,
2925,blasted101,9650,
2928,MasterOfAll,5834,
2929,ExTrEmE,5834,
2930,HistOry,5834,
2931,Templar,5834,
2932,EdwinSTZ,9653,
2933,Dukegrieve,8189,
2934,lriGrKyxeS,8176,
2935,garbage,9663,
2936,neverforget,2404,
2937,disposition,9666,
2942,JEJUS,295,
2943,rafaLiusz,661,
2944,MT,5527,
2946,olk,7958,
2947,olk724,7958,
2948,EverZtelecoM,3595,
2949,WGate,9672,
2950,bauser,1056,
2952,Makrel,4141,
2958,Zephyr,2,
2959,Boracay,2,
2960,ILOVETHEPEEN,8356,
2961,TheCreature,8356,
2962,Mekia,1660,
2963,Junyounh,1660,
2964,Jan,9694,
2965,Ace,9704,
2966,Ace,9705,
2967,Ace,9706,
2968,Ace,9707,
2969,Ace,9708,
2970,Ace,9709,
2971,Ace,9710,
2972,Ace,9711,
2974,Ace,9712,
2975,Racenilatr,6127,
2976,Isolemenet,5069,
2977,Ace,9713,
2978,Jieun,6276,
2979,GravityBoost,6276,
2980,Itaachii,9665,
2983,jiahaoyan,9732,
2988,이재현,9739,
2990,icologie,3614,
2996,ExiRo,6530,
2997,TheGT,8931,
2998,tender,9762,
2999,poly123,2156,
3001,AndreEmpire,9769,
3002,Vinícius,9766,
3003,RasAlGhul,8611,
3004,finicion,9811,
3005,Godfathcr,8897,
3006,forhigher,673,
3008,NaDasBody,476,
3013,sasuke,4030,
3015,gubaee,200,
3017,MyLady,9737,
3018,Arcy,3612,
3019,Flu,4151,
3024,Spirates,4654,
3027,Ykrem,9836,
3028,YuiHatano,5933,
3034,akaMagic,9842,
3035,NekRo,5233,
3036,IAmBelieve,4393,
3037,NayA,4393,
3038,ToZu,4393,
3040,LingKing,7691,
3041,Daevil,5613,
3044,Riron,1457,
3045,kfazimirz,4728,
3046,LuXus,5881,
3047,Inter,5438,
3049,BämOida,4572,
3051,jbd0,7192,
3053,Goyku,9243,
3054,JAGW,,14
3055,Morphin,3276,
3056,Immortals eSports,,258
3057,1 Step Ahead,,258
3058,IMI,,258
3060,Lambtoy,3404,
2882,CHOCOBO,8684,
2897,nukular00,1203,
2910,TheSadZealot,512,
2938,Xperia,1162,
2945,binaer,5527,
2951,Watcha,1056,
2992,jackson,6047,
2993,Kayhan,6047,
2994,Lilez,6047,
2995,Shimmygimmyn,6047,
3014,Jessica,4030,
3021,妻妻姑凉,9832,
3022,NathanGS,5208,
3025,MasteR,1737,
2926,Fayth,9287,
3026,AlwayS,1737,
3042,smilekr,28,
3043,Jjob,28,
3048,deepEX,1209,
3062,MrBDQ,9917,
3066,SecondTwo,1294,
3067,ZapoColorado,891,
3068,Alex007,9326,
3070,fullofFlaw,815,
3071,Shinjiro,9601,
3072,ECV,,196
3073,EtdJbaker,291,
3076,IMcuddlebear,8023,
3077,Cute,558,
3080,aiursc,6300,
3082,August,6300,
3083,StalevaR,88,
3084,ChoaYO,10005,
3085,MofuBones,10010,
3092,Ruin,6300,
3093,AiuR,6300,
3094,BlinkGosu,7090,
3095,KiwikaAkria,9999,
3096,Dominik,10022,
3097,Enoenwai,316,
3098,Coolman,6407,
3099,SCAcoolman,6407,
3102,SaS,10043,
3107,JadePoP,5111,
3110,NeuroSwarm,6468,
3111,Julie,463,
3114,RepMeaSt,5118,
3115,EngIshHard,9452,
3117,Avi-Love,801,
3130,Fray,,138
3132,Dream,10088,
3141,StarTale,,1
3142,SBENU,,1
3143,somelikeitgray,10120,
3144,Pressure,6600,
3146,eNimal,5207,
3147,Marudvelo,10137,
3152,Lacen_Black,10177,
3155,XioSC,9841,
3156,CoBerra,10196,
3157,AndiF,10093,
3158,Last,10204,
3159,HaseSase,10208,
3160,Stit4,10211,
3162,MacacoLouco,4507,
3163,Kn1ps3r,9327,
3166,Capcom,9573,
3168,Flow,6188,
3171,CatfishBilly,10228,
3172,Ladschen,10230,
3173,Tor,10207,
3174,tyryry,4025,
3175,RAINXAR,8345,
3176,paladin,10221,
3177,llllllllllll481,10227,
3179,Zarto,6940,
3180,Terius,157,
3183,snOrLichiz,10269,
3184,iznobeast,4502,
3185,TheMightyOne,10271,
3186,条码人,10273,
3187,MemeBearMe,9360,
3190,kinek123,10308,
3191,Red,10193,
3192,Fantomas,10313,
3193,Kasebrot,10315,
3194,MagicMarine,10317,
3195,Nzex,5078,
3196,TsogiMaster,9277,
3197,Rescawen,962,
3198,llllllllllll8749,10197,
3199,BeaT,10332,
3202,Thor,10336,
3203,PurpleHaze,10339,
3208,Nozonee,7510,
3210,NikeStar,7510,
3212,allstars,9209,
3213,LonelySC123,10353,
3214,effort,10088,
3215,Fate,10088,
3216,Milant,7450,
3217,Dorklokke,10372,
3218,StarcraftRepWatcher,4732,
3219,Mega,4413,
3220,Therelva,9592,
3221,Vincent,9068,
3227,Metastasis,6062,
3230,Godu,10396,
3231,AdrianO,4521,
3232,OdinGS,4535,
3234,HOAFly,10309,
3235,Royce,10409,
3236,ravageur17,5924,
3245,FoXx,2270,
3246,EoNic,4414,
3249,Jjoya,10469,
3112,imba,2434,
3124,MayanWarrior,2134,
3125,Mayan,2134,
3126,TechnoBoy,2134,
3127,PleaseNerfMe,2134,
3128,JulyTwo,2134,
3138,Sliky,5938,
3140,StormDC,8162,
3145,Stunterr,4411,
3181,GPsFox,2053,
3209,NoZone,7510,
3223,鸡儿盒饭,7521,
3226,鸽子,881,
3228,TooSwaGGyfOu,6062,
3229,Qetesh,6062,
3233,NOTUSED,4535,
3239,AppleT,2380,
3240,NEXT,2380,
3241,RaYu,2380,
3242,traceuser,6599,
3101,Rudiger,10041,
3252,BOOOOOOOOOOM,10508,
3261,Beladro,5573,
3264,Rattenschwarm,6200,
3265,CarbonXI,4373,
3211,MambaTheSnake,9877,
3148,PLZLEAVEDUCK,1555,
3100,Noctifer,7369,
3266,Jd007,10549,
3267,XesaXen,10554,
3268,Gaeron,816,
3271,MasterYoda,4129,
3272,Vitalik,10564,
3273,Mizuno,10061,
3283,Grackalackin,10579,
3287,小C,10567,
3288,DaddySC,9853,
3290,代家湾扛霸子,8483,
3293,ZergZergRose,6591,
3297,ForJJ,5986,
3300,Vut923,685,
3301,LemonCup,10599,
3303,EnNaNo,314,
3304,JNJ,10607,
3307,狗王,9731,
3312,萌虎,8196,
3315,vastare,10613,
3317,ichHABmeise,869,
3318,Warlordz,10499,
3321,兰云曦,10628,
3324,寂静,9863,
3325,Arakal,8399,
3329,CammyTeal,10639,
3330,drumbum,10642,
3332,Risk,3033,
3336,Honor,1502,
3340,sSoda,3199,
3341,EtsurLizzuma,1409,
3344,Kirito,6058,
3346,Käsebrot,10672,
3347,Rose,10680,
3349,xenoN,10685,
3351,NowImLate,10690,
3353,全倒,10698,
3355,Voldain,585,
3363,Ian,10182,
3368,masterbonsai,10729,
3369,masterbonsai,10730,
3371,ChiCken,10719,
3372,TseT,10743,
3374,ChandlerBing,10752,
3375,EasyAI,10757,
3376,Gambeta,10760,
3377,Krieg,10768,
3378,Zygosd,10773,
3379,MaDMaX,10776,
3380,BadWolf,10777,
3381,mUOz,10779,
3382,krok15,10781,
3383,Xigbar,10782,
3385,nick,10787,
3386,Pøliakøv,10381,
3388,ScaryLord,9661,
3389,DreZkaTT,3884,
3390,panzerlehr,8322,
3394,GoDreamS,10799,
3396,iDynge,9483,
3398,Contentlegaga,10819,
3399,NomaKasd,10822,
3400,CookieJar,7804,
3402,USC,5190,
3403,xXHunterXx,9061,
3406,aereawolf,6294,
3409,msc,10851,
3410,onelastgoodbye,3463,
3411,DurtyDurtyMike,9859,
3415,etwas,10873,
3417,残手,10876,
3419,澜风,5943,
3432,prower,10891,
3434,Starlight,8951,
3437,Panic,2046,
3438,illyaprpr,5447,
3445,Jarmen,10907,
3262,tngh512,4,
3299,形势还卜严峻,8643,
3305,彩笔人族,8643,
3306,迷茫听雨,8643,
3308,LoveSister,5632,
3309,晓美焰,5632,
3310,BigTigerBen,5632,
3311,大屁股裂了尼玛死,5632,
3313,AvaTaR_,2477,
3314,KoreaFly,2477,
3328,Mercury,9292,
3333,xSixShadow,1300,
3337,HnRPride,1502,
3338,Pride,1502,
3339,RevShaDow,1300,
3356,Vasya,585,
3357,Livescore,585,
3366,tiejiayong,881,
3367,SONATA,881,
3392,fear,9002,
3393,Nightmare,9002,
3397,CAXAPOK,10768,
3425,Hospitaller,9292,
3426,御坂美琴,9292,
3427,第六卖萌队,8196,
3428,榛名,8196,
3435,fp,6949,
3436,雷车,6949,
3446,JarmenKell,10907,
3454,ivy,8680,
3455,秋矢菊,8680,
3456,Lvy,8680,
3458,CalculaToR,10926,
3459,TTeDarkFire,10928,
3462,joerichardson96,5205,
3475,Runkeberg,10948,
3476,Nim3th,10950,
3289,Darkstar,,192
3420,Python,5910,
3362,Marley,10706,
3439,OM.X-Team,,275
3478,Isaac1729,5319,
3481,Link,10959,
3482,Dubioussc2,10960,
3483,aMaZe,10963,
3484,PooBoost,6294,
3485,Dracarys,6294,
3486,Eternia,6294,
3487,KanyeWest,7505,
3488,OShStreams,7729,
3489,AsadaShino,10969,
3490,dPix,,248
3491,Vengeance,21,
3492,Frost,21,
3493,甯采臣,10971,
3494,Legacy,4299,
3496,Drizzle,10976,
3497,ningning,257,
3463,半个菜鸟,249,
3501,Pzych0,10988,
3502,Mæma,10991,
3503,FearOfTheDark,10991,
3510,Buki,2132,
3513,KeSC2,2136,
3514,Edge702,656,
3515,ZombieModok,3371,
3516,Oldboi,3368,
3518,BrEEzE,530,
3521,RoB,530,
3522,ReachTheSky,530,
3526,Science,11018,
3527,FrightNightFN,11021,
3528,Net,11024,
3529,Pandasvk,11028,
3530,JavascriptGS,8965,
3531,gfever,3296,
3532,Mangofreeze,3261,
3533,rna963,3388,
3534,B12ad,3389,
3535,ArcTiCaL,9469,
3536,rwarriar,3391,
3542,DuSteR,2230,
3543,MaGiKL,2230,
3544,iMaGiKL,2230,
3545,ForWrath,2103,
3546,Zunum,3196,
3547,KingOfFlan,3400,
3548,ZealotAlchemist,3907,
3549,Jack,11067,
3550,MuTh,11080,
3551,avilo,11091,
3552,Python,10542,
3553,hnshaggy,11096,
3555,AoGFlash,9793,
3556,zTKumm,11104,
3557,harolxZ19,11119,
3558,Hizzael,10462,
3559,Slash,11145,
3561,CzelWithiN,5864,
3562,Wigglet,11158,
3565,hardworlder,5165,
3566,Arthann,5165,
3567,LyraTheGreat,3335,
3568,Infumay,2703,
3569,FusionMrWet,3402,
3571,Vega,4355,
3572,Yosho,4355,
3573,Mario,4355,
3574,妻妻菇凉,9832,
3575,神原秋人,9832,
3576,WannaHavSex,9452,
3580,Dragon,11165,
3581,MarineLee,10057,
3582,EAGLE,8368,
3584,chewie,11173,
3585,Cloud9lgnd,8531,
3586,pgis2,4735,
3587,Travis Yang,11196,
3589,Macaxeira,11136,
3590,RamsiHartman,11207,
3591,AndreWGL,10053,
3592,UMadImStylin,2758,
3593,喵帕斯,5309,
3594,团子,5309,
3595,大义凛然,760,
3599,YoanM,174,
3600,Newbius_Maximus,2202,
3601,vlsvigamer,11214,
3602,DevilDriver,11216,
3603,ShaDow,11218,
3604,FMN,11219,
3605,a_pawner,3394,
3606,evenfin,11220,
3607,TheWitcher,11221,
3609,СерЖаНТ,11222,
3611,BrawL,,270
3613,Innatez,3392,
3614,broto,3693,
3615,Mori,3904,
3616,Dropbear,773,
3617,Bli1nd,11227,
3618,Elijah,8237,
3619,Q-uiEt,11228,
3620,QuiEt,11228,
3621,TerranWeak,8575,
3622,HappyGHost,2191,
3623,Фахри,11232,
3624,aaiigha,11234,
3625,Hellra1ser,10953,
3626,stars2,11209,
3627,Casper123,5385,
3628,Aro,11236,
3629,Ledokol,9323,
3630,Andy4ka,11237,
3633,GravityXIII,3386,
3634,ArcticFox81,3944,
3635,Hobo4Craft,3385,
3636,Secret05,3384,
3637,Poetry577,3378,
3639,PinheadLarry,4134,
3640,榮榮,4291,
3641,DropMsZ,11250,
3642,QQQQQ,11252,
3643,IdeFiX,11253,
3644,Käsefreak,11254,
3645,Kasefreak,11254,
3647,YellowStar,9975,
3648,Shtsdupek,11264,
3649,JPMORGAN,11267,
3650,HoldTemplar,9962,
3651,ChebeWara,10767,
3652,asyl,10767,
3656,SevenXRaveng,9968,
3657,Raven,9968,
3658,FlaSh,9323,
3659,Rocsky,9323,
3660,LuckyGnome,1325,
3661,houn49,11289,
3663,ZYLCOZORD,11298,
3664,ZylQQ,11298,
3665,Lauss,10677,
3666,ZERGORINO,11331,
3668,HerO,11342,
3669,ZevoL,2877,
3671,Raider,3397,
3672,CheckMate,11344,
3674,WhiteRa,11346,
3675,Gabri,11093,
3677,Archer01,11352,
3678,Infinity,11354,
3679,MeM0ry,11355,
3680,BrokenGG,11357,
3681,silver,11358,
3685,JulyTerran,10179,
3687,TJMaiking,8820,
3688,麦神,8820,
3689,同济麦老爷,8820,
3691,小闲闲闲闲闲,8888,
3692,LeiYus,10976,
3693,Punks,7679,
3694,Aligod,7601,
3697,LastShadow,11379,
3698,BEV,1193,
3699,HINOIPL,7999,
3704,DrAlanHill,11408,
3705,tmk0010,11412,
3711,FreshZz,11421,
3712,TDM,161,
3714,WhaleTail,161,
3715,SiegeMode,9849,
3721,FanTaSyMMA,9990,
3725,Avilokappa123,9590,
3726,Mouse Control,,264
3727,Fizzle,5445,
3728,Prodigy,5445,
3729,PhoenixA,5445,
3731,Railgun,11447,
3732,chroMe,9279,
3733,stump,9279,
3734,VintageCrisp,11190,
3740,eSc,551,
3741,HkAgnoletto,9789,
3742,PsyCh0Dad,11454,
3744,Pipboy,11458,
3748,KangJiYoung,236,
3750,DivinO,6602,
3751,WM,7958,
3752,Noob,11275,
3756,FiendwOw,10980,
3757,NMxHANDLEiT,3393,
3761,Aelith,9278,
3762,Forever,347,
3763,Jan1544,9694,
3764,Daggoth,9694,
3765,MonscreamToro,11496,
3766,GamerKroxic,11318,
3770,Wolf,11506,
3771,SoD-Wolf,11506,
3773,AtZeeeee,11331,
3774,TheGreatNeo991,10340,
3775,Schism,4611,
3777,fgPrometheus,11523,
3778,Zrslayer,11525,
3779,DoctorFoxer,9823,
3781,Akashi,11435,
3782,empolenz,3870,
3783,ScvOfAiur,3870,
3784,alej,2851,
3785,SilentAssassin,681,
3786,Jeremy,8484,
3787,Jer99,8484,
3788,Kurast,9564,
3790,ChitogeBesto,7444,
3792,itZPersonal,8593,
3793,Queenhustler,8327,
3795,KarlayG,8352,
3796,WannaHaveSex,9452,
3797,Gentleman,126,
3798,Bucketv,11551,
3799,Gateau,655,
3800,stylelish,106,
3801,万能虚空王,160,
3802,trooppinen,3850,
3803,moilis,4396,
3804,taTWOlaaXO,11593,
3805,mightygrim,3849,
3806,SalvatioN,458,
3808,Masternate,4067,
3809,Rectify,10980,
3810,Enahs,9329,
3811,AsWell,5980,
3812,Rast4Panda,11601,
3813,taztaztaz,11593,
3820,circaStarting,10424,
3838,MikiXin,5114,
3841,CaptainK,11622,
3842,kudo,5202,
3845,都没人来安慰我,1308,
3846,Ordo Equitum,,288
3847,HeroSalat,11646,
3848,Slyther,5582,
3849,Ocean,5582,
3850,xChromaticx,5582,
3851,TheFridgeMaster,6221,
3852,mayheM,5977,
3854,Jerome052992,11651,
3855,RmleDtDhLiEs,3541,
3856,yrUsecC,643,
3857,vGdave,2168,
3858,zzKuni08zz,3540,
3861,xFiNaLEx,2149,
3862,symbolic,2149,
3710,Francisco,10051,
3722,Livemau,8952,
3684,Derpalisk,7977,
3865,floorboard,1571,
3866,Cursed,797,
3867,Ayamis,8568,
3868,Seductress,3983,
3869,Melancholy,3983,
3870,noctiferous,4067,
3871,TossDeeZNuTz,1679,
3872,Toasty,3571,
3874,Esiex3,5701,
3875,maestro,4269,
3876,Ekke,3561,
3877,tQSky,3574,
3878,Vervejl,3283,
3879,meva,3573,
3880,tyrAnt,2140,
3886,Phillip,3559,
3887,Philln12,3559,
3888,Phraxa,10058,
3889,RaVi,3567,
3890,ZAznGangsterz,219,
3891,LIFE,11381,
3892,tGensulitor,3784,
3894,INU,38,
3895,Bobby,38,
3896,NinJa,733,
3897,junghomon,1295,
3901,SchoolDays,3983,
3902,Verner,11737,
3904,kool,3575,
3905,aznboy,6150,
3906,lejonet,11746,
3907,Plea,230,
3908,Danezkie,4329,
3909,Lyka,4329,
3910,AIMO,2310,
3914,Sportsman,11768,
3915,iNNerHeaveN,11770,
3916,ESG,,289
3917,doudouxiaolv,1308,
3918,Dreamoon,1308,
3919,ColoUrDFiRsT,11781,
3922,Team Extreme Supremacy,,259
3926,Koala,904,
3927,RivaL,4749,
3928,Jin,4749,
3929,faijunsoo,4749,
3931,КрасавчикДед,809,
3932,t0ssboy,11791,
3934,Bloody,11796,
3935,manschi,11797,
3943,ßlackKniGhT,8262,
3944,euphoriaagain,11830,
3945,xxxxxxxxxx,5939,
3956,kevkiller95,11837,
3957,ibax,11840,
3958,Toxin,11846,
3959,Toxin,8095,
3963,DrLecter,10762,
3964,Simon39,6925,
3965,manz,11866,
3966,Loki,9866,
3967,동래굴링,9866,
3968,PSISTMNYK,9369,
3973,MakoEyes,8947,
3974,eMoTioN,9811,
3975,SterLing,9573,
3976,VanceJoy,6100,
3977,TumblrGirl,6100,
3978,SuspectZero,4896,
3980,Caustic,6037,
3981,ManBearPig,6037,
3982,LingLing,6037,
3983,CyfroN,11932,
3984,snikanes ullteppe,11936,
3985,bibistein,10664,
3987,Sam,9573,
3989,Hydra,354,
3990,pippe,10313,
3991,PuzyBlin,10313,
3992,voobleano,11966,
3993,Tazenerix,6220,
3995,DMegaLord,6472,
3996,YeezusShia,11971,
3997,AndurilDH,11245,
3998,Brakepoint,3927,
4000,PrAeToR,6913,
4001,TheWeakness,8575,
4002,JKing,8575,
4004,MSK,10699,
4005,PrôPhêT,6061,
4006,ProPheT97,6061,
4007,ViñyÿViñciï,11988,
4008,VinyyVincii,11988,
4018,探姬,7956,
4019,NeverSteam,7956,
4020,鬼斯通,7956,
4021,GentleProbe,7956,
4022,KidNamedOmni,6538,
4023,AJStyle,11926,
4024,AJStlye,11926,
4038,林月如的逍遥哥哥,6285,
4039,SSZXY,6285,
4041,QiYe,5936,
4042,七夜,5936,
4043,Saber,7521,
4044,开局要打鸡儿盒饭,7521,
4045,盒饭,7521,
4046,伊卡洛斯,7521,
4047,ttn,231,
4048,whwndgur96,109,
4052,chemicaL,11965,
4054,EightySeven,11833,
4056,JimRiSiNg,910,
4058,pbkim0725,3624,
4059,SCDKarma,3624,
4060,xGSecrets,3624,
4062,dsVoLt,5624,
4063,overmend,11827,
4064,DioBrando,5869,
4065,FoRaWhiteGuy,7802,
4066,Kusturica,12009,
4067,StarLord,7380,
4069,小色forever,11781,
4071,Ayyyyyyyyyyy,12016,
4072,aurora308,12017,
4073,rimNIG,11210,
4074,ScottyJamoka,11210,
4076,jumpinspider,12020,
4077,Cute,10161,
4078,CreaTioN,10580,
4079,DarKSicKNesS,8613,
4085,ajq,11662,
4088,Xayf,9321,
4089,JagFerdinand,9264,
4090,DiazV,7959,
4091,Kaneki,7959,
4092,Aaron,11107,
4093,Noratto,12032,
4094,souldarck,12048,
4095,scv,9796,
4111,ZANMATO,52,
4112,WolfHowl,9478,
4113,FuriOus,8515,
4114,Axel,4160,
4115,MeMCaT,3075,
4116,OntologicalPWN,3186,
4117,FrasFlaskarN,11999,
4118,ThePurGE,9844,
4121,rohit91,2171,
4122,Sniperwolv,3688,
4123,PrimeLoT,5072,
4124,Hawkke,2171,
4125,Boesthius,6657,
4126,A_Happysloth,3317,
4127,TheGODehT,4097,
4142,FurYolol,8965,
4143,HollyOPK,1166,
4144,RainDroP,1919,
4145,Cover,4145,
4146,lastGame,61,
4149,partytime,7679,
4150,痞子鬼皇,7679,
4151,野蛮球长,10000,
4153,CptButtBeard,9475,
4154,mgarc150,12090,
4155,Abturn,5072,
4156,TERRANOP,5072,
4157,Yestaril,9498,
4158,Jadegarad,5111,
4159,PoProstuLarc,5111,
4161,Gnom,12001,
4162,scarabwall,12103,
4163,Vladimir,2162,
4164,Maksim,11606,
4165,ImNotKorean,11606,
4166,Wobs23,12129,
4167,dariusp,12134,
4168,BowmanSXJr,9590,
4170,EsHKiDA,8523,
4171,Hayomaster,9637,
4173,TheShedMan,11422,
4174,TioNRUNNER,12159,
4175,Kristupelis,283,
4176,nikolaidu92,12175,
4177,Pouch,7217,
4181,Dream,2994,
4182,sadLucky,2994,
4183,Lightning,2994,
4187,LinGuini,11092,
4188,AsidaMana,8802,
4189,PinkViper,11935,
4192,Dinaj,890,
4193,Reddy,12184,
4194,Cassoul,12185,
4195,NarutoUzumaki,12197,
4196,GG_Smile,12201,
4198,BliniSmaslom,8234,
4199,VeriTyRimmeR,12205,
4200,13mig,12207,
4202,Serejavaxta,12211,
4205,kaRma_lucky,12213,
4206,gluk,12215,
4207,hvhchc,12216,
4208,krzysiek,12217,
4209,Beka,12218,
4210,fable_sc,12221,
4211,rekt666,12222,
4212,FireHer,12222,
4216,SDSDimba,12229,
4217,Executor,9831,
4219,CyrillM,12232,
4220,Thunder,9803,
4221,ZeTTa,10701,
4223,GrumpyCat,12133,
4226,MoonLighT,9289,
4227,Hularuns,12235,
4229,Azrael,9232,
4232,DaeDaLuSSC2,12112,
4233,reptilezero,12248,
4236,Alexir,12256,
4237,Galois,12238,
4238,battousai,6139,
4239,NullMind,12262,
4240,MeowMeowMeow,5627,
4241,Twilight_Sparkle,12294,
4242,Reva,12300,
4243,CryTiz,12301,
4244,Ray,12311,
4245,WAWWSamet,11388,
4246,PillowSC,11997,
4247,INnoVation,880,
4096,Fusion,2994,
4083,Soliloquy,12023,
4252,FrostyFenix,12330,
4253,MaFarazZo,5432,
4254,MaFFeboy,5432,
4255,MaFFeMan,5432,
4257,Lex,12339,
4258,Jack,8582,
4260,Articuno,8410,
4261,Entropy,11171,
4262,Aaaaaaaaaron,8832,
4264,Mikm0nk,12347,
4265,ace223,9873,
4266,th3ace223,9873,
4276,多余解释,5933,
4277,解释,5933,
4278,那毕瞎,5933,
4279,Mystery,5933,
4280,Jiexiaoniao,5933,
4282,seoseongmin,105,
4283,nostail,1723,
4284,MyDream,1723,
4285,qianzanxue,1723,
4288,诡计,5275,
4289,SFLRG,12368,
4290,Bumbzzzz,12374,
4291,SpAToSMG,12379,
4292,GotouDeath,9829,
4297,someguywhoiscool,12414,
4298,Lazy,12422,
4302,Zheng,9367,
4304,bigusdikus,8038,
4307,Invoker,11224,
4308,MuLee,10057,
4309,Luna,8872,
4310,snuffekorv,880,
4311,X009adrien,12449,
4313,FyCkmE,12476,
4314,AweesomeSauce,12013,
4315,afi,12348,
4316,Passion,7383,
4317,aeoa,11699,
4318,ReaVer,11616,
4319,Terran,184,
4321,Altaria,184,
4322,mrjamvad,184,
4323,light,184,
4324,Princess,184,
4325,Britney,184,
4326,Kitty,184,
4327,Memory,184,
4328,CuteAngel,184,
4329,NoNge,184,
4330,shofu,184,
4331,ilovealtaria,184,
4332,Mencemeat,184,
4333,TornadusT,184,
4334,Hyphy,10217,
4335,FlashFans,12406,
4336,HorizonShadow,5000,
4337,DouyuAdmin,5980,
4338,皇家胜利者方少云,8376,
4339,Leitiantong,8376,
4340,Cook Cat,12521,
4341,MalecITO,12522,
4350,Havoctha,12353,
4351,feralshadow,4908,
4352,luka,5945,
4353,MilkyaW,5945,
4354,aSim,5945,
4355,igia,5945,
4358,Chess,3610,
4359,ChessPlayer,3610,
4360,Flash,3610,
4361,铃儿响叮当,4015,
4362,upwind,4015,
4365,NTx,5939,
4366,10x,5939,
4367,十叉,5939,
4368,六夜,5939,
4369,yingwenid,5939,
4370,Pouchou,7217,
4386,neverdieTurox,12471,
4387,Zergniako,12558,
4390,Lobok,12560,
4391,BestoGrill,7444,
4392,kelsul,7444,
4393,YellHo,9706,
4396,ePParamedico,2071,
4397,ymlee1989,2071,
4398,Neurosurgeon,2071,
4400,Ghost,9796,
4401,AlphaGo,8980,
4402,Jigsaw,2289,
4403,SnakeStyle,8284,
4407,MonsterHolmes,12584,
4409,SKY,9224,
4410,KillahJnS,12589,
4411,Dankness,1263,
4412,DuckDodger,12596,
4413,Sempai,8983,
4416,SoLiDHeRo,12606,
4419,GurrenLagann,10025,
4421,BoxeR,5204,
4422,licousa,12252,
4423,enVus_AGmoG,12608,
4424,Boss,12608,
4425,MKP(SH),7456,
4429,maid,8345,
4430,LZHmaid,8345,
4431,Spec_Rain,8345,
4432,GoOdin,193,
4433,Azraeel,10953,
4343,Integrity,11610,
4293,Craquer,4827,
4418,Kittens,12607,
4320,MajOr,184,
4434,ДядяБогдан,10953,
4435,GoGosu,12423,
4436,MarinLorD,1649,
4437,Moronlord,1649,
4438,AlexisOrg,1649,
4439,BigDicklord,1649,
4440,fOtroS,75,
4441,NoPinSea,4120,
4442,Minah,5094,
4443,GroovyVirgin,5094,
4449,Hani,5437,
4451,Robotazrise,9233,
4454,Zyriak1,12638,
4455,AndrewOP,10360,
4456,MAKSIM,12579,
4457,ThemisIra,11169,
4459,Lizou,12601,
4461,Minow,10770,
4462,Zeeke,12660,
4463,TRQNanogen,12667,
4464,Hunch,11997,
4465,WhiteTiger,10702,
4466,괴롭히지마,36,
4467,창원지검박검사,10562,
4470,KeSPAEverydy,6355,
4471,Phil,12692,
4472,WhiteWolf,12694,
4473,Crovavey,10890,
4474,GoPlayTetris,8556,
4475,JamesBourne,8556,
4477,zanex3452,12705,
4478,Skadi,12713,
4479,ScottSC,11403,
4480,MoXLey,11420,
4481,ImBad,11374,
4482,hrazq,12720,
4496,BadrockZ,12726,
4499,pLinelAbrUte,4564,
4500,zesty,12731,
4501,ZyriakOne,12638,
4504,Darkunamend,10495,
4506,Geralt,8913,
4507,LYC,12553,
4508,Papitoss,7960,
4517,Rinehart,4120,
4518,Kate,4120,
4519,Innocent,8156,
4522,Usa,12252,
4523,wocaishisb,12252,
4524,timo,10998,
4525,samosei,10998,
4527,Lopata,12786,
4528,OvermindMK,12787,
4529,KarevAlex,8538,
4530,AggressiveZT,12562,
4532,daretovesper,3680,
4533,Razzita,12039,
4534,Jaypeeg,12797,
4536,Untitled,169,
4540,Barcode,10852,
4541,Finall,10852,
4544,Rookie,11424,
4545,Astaqsc2,12808,
4546,SonGoku,8130,
4547,CentralPork,560,
4549,Wazar,7663,
4550,maniekon,5563,
4551,ЗШЩЦУКОЕЭДЦЖ,12859,
4552,dawn,5929,
4553,kok7171,856,
4554,Lilis,856,
4555,Ghost,856,
4558,Protis,7796,
4559,mgzparanoid,182,
4560,Viking,5500,
4561,ZaCRo,9810,
4562,MLuneth,7405,
4563,TangSC,12900,
4574,Ginko,12906,
4575,blackout,12774,
4576,mYi.Reynor,5414,
4577,AT.SwitchBack,6936,
4578,oliM,9237,
4579,KING,7662,
4580,griFF,10728,
4581,Eruption,12907,
4582,KositToss,12879,
4583,xFEWI,12908,
4584,Cyfro,12909,
4585,Niemier,560,
4586,Dangomar,12910,
4587,lukikolak,12910,
4588,Peszu,12912,
4589,三股石油王,11188,
4591,suga,10087,
4593,Lucifer,8045,
4595,TNIǂForAiUr425silver,10500,
4597,DarkSide,8534,
4598,ursadon,12920,
4599,Har1us,12921,
4600,ExE_Asmodey,5355,
4601,TMNKA,12922,
4602,TMNKagg,12922,
4603,Neggativ,12923,
4604,Ex3mal,12924,
4605,ViviSektoR,12925,
4606,SilentStorm,12926,
4607,132746876,12927,
4608,Ashbringer102,2402,
4609,stormshadow,12929,
4610,UaTeamGovernor,12930,
4611,Iakirill112,12931,
4612,MINERALZPLAY,12932,
4613,LosYong,12937,
4617,DhZProVirus,12949,
4619,DarkCookie,9750,
4620,Poof,8173,
4622,WollO,5640,
4503,ZergLord,9346,
4535,KiLLeR,169,
4537,LionHearth,169,
4626,gasgasgas,12792,
4629,ZZZzzz,8873,
4630,ZZzz,12963,
4631,Miltiades,12894,
4633,kIIRAa,12229,
4634,DhZoneSuper,12051,
4636,RiseWillis,11166,
4637,DooMMarine,11244,
4638,MeTabee,12741,
4639,熊貓熊我,5602,
5623,GROF.Algorithm,14394,
4641,小和,10117,
4642,MoonSun,9289,
4655,moskonia,4773,
4656,vmcutecute,12946,
4657,kacpi,13015,
4658,wuuthrade,11762,
4659,Arkafrost,11621,
4660,ZergskillFr,9875,
4661,Poliakov,10381,
4662,夏至未至,5948,
4663,北京邮电大学电脑,5948,
4664,剑入愁肠断相思,5948,
4665,明月多情应笑我,5948,
4666,一八七四,5948,
4667,何处惹尘埃,5948,
4671,kirekire,12710,
4672,MagnusTR,13023,
4674,AeroGG,13031,
4675,SpookySpeeDy,13038,
4676,DropMySkill,11250,
4678,Infinity,13054,
4680,chilly,12955,
4681,GoboChobo,9846,
4682,Sylfateuse,11353,
4683,WoSiX,13075,
4684,Fize1,13078,
4689,MyLittlePwny,5099,
4691,KingPrime,11489,
4692,RaMPaGeFr,13098,
4693,Azunyashka,13107,
4694,ToNieJa,10318,
4695,MiQku,13109,
4696,Seel,13110,
4697,foogazi,1381,
4698,Juggernaut,6330,
4679,PSM,5826,
4699,AllinZErg,12708,
4700,Huntard,13039,
4701,pendulo,13128,
4702,ZuluMike,13129,
4703,djoo,13131,
4704,LuckyDrone,11808,
4705,Neo,11503,
4706,benio,13135,
4707,Picnic,13137,
4708,DarkKnight,11890,
4709,PrettyBoy,7839,
4710,WontonSoup,7839,
4711,MiLes,7839,
4714,NJ,13155,
4715,NuJavlar,13155,
4717,Liorzip,7524,
4718,azaz,9232,
4719,MasterE,1735,
4720,Someday,1159,
4721,슬레이어스,6991,
4722,TempO,8093,
4723,Everyday,6355,
4724,HellBatOwner,6355,
4725,Foxeye,6355,
4726,JHL,1585,
4727,elbicho,12987,
4728,Derpstro,11514,
4729,Kayne,13163,
4734,Gluckskeks,12420,
4735,Pedrolito,13171,
4736,Chiyoko,13174,
4737,KOYOU,13181,
4739,Europeanoob,13183,
4740,HorizonPolt,13190,
4741,imrahil,13193,
4742,TheCrytrenk,13201,
4743,Appear,4781,
4744,Masterfliege,10340,
4745,Pterodactyl,12761,
4746,RonDon34,13205,
4747,Lure,195,
4748,ywolliB,195,
4749,fkdlfps132,195,
4750,dnjsgud753,112,
4751,ksh92090,61,
4752,INFED,,316
4755,JoNesbo,1041,
4756,REGENERATE,,213
4757,BIGBOY,10699,
4758,萌思课,10699,
4759,Shadow,10699,
4760,tgg,5255,
4761,thegreekgods,5255,
4762,DaigoUmahara,11188,
4763,krPlasma,13228,
4767,Odin,4447,
4768,KingMcgregor,4447,
4769,[PkF]Wire,13235,
4771,Silver,13139,
4772,Sc2improve,,317
4773,SlayerSBoner,595,
4774,Patco,595,
4775,Miesque,9669,
4776,Arpos,5500,
4777,v4crotos,13246,
4778,CompHK,11612,
4779,Midgard,13250,
4782,Ottiphant,10500,
4783,ForAiUr,10500,
4784,WaynaPawiasek,10500,
4786,IKSDE,13168,
4787,Tukati,13271,
4788,LoR,11965,
4785,MSMSMSM,13258,
4790,Catooly,13258,
4791,SoulRim,9278,
4792,Shiori,9278,
4793,MrRoisabuk,8913,
4794,JustADust,8913,
4795,ThinWhiteDuke,1041,
4797,Finnz,9152,
4798,NLMad,13282,
4799,FsADodo,13283,
4800,mdftw,9089,
4801,enkhjin,9089,
4802,Opos,13293,
5624,LMD GodOfY0L0,14395,
5627,Ditty,10758,
5628,SNCfaster,12277,
5629,legend27,14397,
5456,Vader,8347,
5632,ThePresence,13798,
5633,DarKLoVeR,8613,
5635,BelgianSC,14399,
5636,Elitkiller,14109,
5638,JustLikeFire,10758,
5640,Ninja,14429,
5641,herbe,5620,
5643,erikmaster3,14447,
4632,ImmanuelCat,12273,
4716,Andriy,12930,
4805,StarfireXiii,12643,
4806,Hani,12792,
4807,Haeryung,12792,
4808,Toudeleski,12792,
4809,Angelo,12792,
4811,BeXbiE,10076,
4814,Bobby,13305,
4816,BlackBearMe,2994,
4819,G0ldmemb3r,13314,
4820,FlashMindSea,12602,
4822,Marineking,10865,
4823,BBowman,4489,
4825,sabas123,8523,
4826,sabastiaan,8523,
4827,uchiha,8523,
4828,uthermyjr,8523,
4830,TraSh,11422,
4832,Versiviro,11422,
4833,Uni,13327,
4834,Zera,12248,
4835,IntoThesCar,1681,
4836,Traditional,575,
4837,redmagnetron,575,
4838,MaDMarC,575,
4839,uthermy,575,
4840,Terminal,575,
4841,EpicNewbie,131,
4842,CTO301,8580,
4843,Dane,13337,
4844,Couch,9225,
4845,JRim,12261,
4847,NEEYIJVIACH,13351,
4848,PanMietek,13351,
4849,Xylolmoschus,12469,
4851,#1381,6937,
4853,joeykwok,8359,
4854,月怀思,12619,
4858,ElstPizarro,9966,
4863,FatCatChef,11182,
4864,Stephaschka,10360,
4865,Vaisseau,12068,
4866,SouthWinD,1064,
4867,Zero,13386,
4868,RandomRush,3642,
4869,CZARYǂMARY,13391,
4870,Marineking,10925,
4871,Master,10925,
4872,CherryMarine,10925,
4873,NoOneKnowsMe,13009,
4878,zesty,12863,
4879,GumiGodMvP,11322,
4880,Kostia,9750,
4881,Yggdrasil,9750,
4882,张全蛋,10306,
4884,VeNTuRePlayZ,12576,
4885,Windu,10322,
4886,LosT,12743,
4887,OwNeR,12743,
4889,YyKk,3608,
4891,mamerhet,2059,
4892,w_Ender_w,2080,
4894,icantread,13413,
4895,GNQST,11989,
4896,Tidusfff,13416,
4897,Lsdealer,13420,
4898,phenixlouis,12893,
4901,BRO,13054,
4902,Destro,11514,
4904,LuckRussian,13435,
4905,Amy,13437,
4907,Unhealthy,1785,
4908,Maxim,10553,
4909,Buff,12709,
4911,KebabKing,4331,
4912,DeathNote,13445,
4913,MindJames,13450,
4914,Srslykare,13456,
4915,Banti,13458,
4916,Beer-a-nator,13240,
4917,SubflowX,13459,
4918,Creed,13460,
4919,WolvenForeSt,8814,
4920,BeatFlitz,10949,
4922,闪,9815,
4923,fokingshet,910,
4924,TrafalgarLaw,910,
4925,Poison,8410,
4926,Berry,8410,
4927,sAviOr,12579,
4928,BRUCELEE,12579,
4929,MGSC93,12579,
4930,Hemo,13495,
4931,MaruMarine,2087,
4932,GoeTt,2087,
4938,Shayps,6510,
4939,heino_hans,475,
4940,EMPERIUM,13513,
4941,hording,854,
4942,dieRatte,6200,
4943,wladcaZzexx,11503,
4944,Reylon,10134,
4947,AckeeAndMe,7167,
4948,FreeZ,8041,
4949,Quentin,13525,
4950,Codebar,13527,
4951,Narayo,9147,
4952,Any,9902,
4953,iloveoOv,11912,
4956,SQDartyom,13542,
4958,ShadowOfTheMoon,13546,
4961,imgrotab,7192,
4962,iek,3608,
4963,szz,3608,
4964,Peccatum,13566,
4965,Knute,13568,
4966,Frez,1623,
4967,pziber,1623,
4968,Bugi,7663,
4969,Olek,7663,
4970,fr4nk1sh,13570,
4971,GFOJiraya,13571,
4972,Weghuz,1406,
4976,coZed,6723,
4977,Shanks,10026,
4978,FeelsBadMan,12233,
4980,Farming,6030,
4981,ZHUTOU,2281,
4983,Arteezy,5109,
4984,Whoopsy,5109,
4985,DLovato,5109,
4899,HelGimus,11817,
4831,BrightYell0w,11422,
4986,ChrissyC,5109,
4987,DemiLovato,5109,
4988,BabyBee,5109,
4989,IronLund,5109,
4990,Shynika,5109,
4991,ScoobyDoo,5109,
4995,Awers,4830,
5000,Sunny,10686,
5003,Pepito,13599,
5005,eXelsY,3029,
5008,CrystaX,11800,
5009,Anarchiste,13595,
5010,MONSTER,9225,
5011,Captnfingers,4919,
5012,Captainfingers,4919,
5013,PRADA,4919,
5014,Flames_Red,13610,
5019,WoosahGMA,11339,
5020,겜안해도너넨이겨,101,
5023,JediMasterTerran,13615,
5025,CellD,304,
5028,KingPoker,1909,
5029,eRiKu,1909,
5030,aNooburak,1909,
5031,Evil,989,
5032,FlowerReaver,11616,
5033,derbozz,1051,
5035,KIBORG,731,
5036,max,721,
5037,SRmax,721,
5038,SevenXTeam,721,
5043,SniPingCaT,13627,
5044,CaT,13627,
5045,AudiRS,13627,
5046,shket,276,
5047,Ghoflz,1765,
5048,YoriBogo,296,
5049,AlLaboUtyOu,296,
5050,iknowyouknow,296,
5051,엔에스피엉님,1530,
5052,오덕후,7366,
5053,hOsy,5037,
5055,LJS,1517,
5056,HogU,1795,
5057,Emir,1795,
5058,ChoiWonChul,7267,
5059,mvr,854,
5060,Droot,1459,
5067,DooKi,830,
5070,HoverMoon,830,
5071,jakeee,830,
5072,ZanXala,857,
5073,EEEǂEEE,3695,
5074,MilkEA,2485,
5075,coolZb,1495,
5076,iNhumaN,545,
5085,Tisalie,1080,
5086,SquarePanda,1080,
5087,FairyDragon,1080,
5088,CaptainRape,1080,
5089,tankred,1080,
5091,Insolent,53,
5092,FreshShock,143,
5093,Hyukoh,10676,
5095,Schlumpfine,12316,
5097,MerBrun,1025,
5098,Matty,1029,
5101,bossrakov,13636,
5102,rqNakkeedone,1053,
5103,rqRaindeer,1059,
5104,ikaruga,11426,
5136,LeGrosBonnet,11182,
5137,SogogiPrime,11182,
5106,ahlr,2451,
5108,Holo,10204,
5109,Catmarine,13640,
5110,ХОКАГЕ,2191,
5111,GruntT,820,
5112,EGDisruptor,9846,
5113,Boblin,9846,
5114,Mechanics,13326,
5115,Spartak,3804,
5116,Weak,274,
5117,Verdi,274,
5118,GerichRail,274,
5119,HobbyPlayer,274,
5120,KOSH,274,
5121,MadMonkey,1104,
5122,KingSwimps,10908,
5123,infamusson,13029,
5096,Neeblet,4495,
5125,КиануРивз,13654,
5126,Grandsteph,13655,
5129,IrOnSouL,7882,
5130,OdiN,13661,
5131,shd606,11,
5132,Deathmuffin,12726,
5133,CuXx,13596,
5135,PScopa,13672,
5138,Lou,11182,
5139,STARBUCKS,11182,
5140,TFCC_hannibal,11182,
5141,retiredTrash,11182,
5142,LewsTherin,11791,
5143,LukasLengaue,13679,
5144,cdr,13684,
5145,MatDyskretna,8516,
5146,SKTJunho,9360,
5147,0perator,9360,
5148,minzy,9360,
5149,MemeBandit,9360,
5150,Excel,9360,
5151,[ILoseToTerran]Opera,9360,
5152,KerningCity,9360,
5153,星月,13359,
5157,Albert,12424,
5161,Empty,13690,
5162,Wistala,12601,
5163,Greenert11,10865,
5164,Daimon,10686,
5166,MrJonesLp,10816,
5167,aroven,1085,
5168,FinalReiGn,1085,
5169,Dante,1085,
5170,final,1085,
5171,Gylfi,1099,
5172,LisaFanBoy,5094,
5173,ILLUSIONCLOCK,8254,
5178,Zoun,9960,
5179,SsMMA,13693,
5180,Gzap,1120,
5181,eXeFreakdmg,1123,
5182,Tanqueray,1139,
5183,toxifly,4418,
5184,HeNili,1181,
5185,mozgj,1185,
5188,ForeSt,8814,
5189,SkY,8814,
5190,Narra,10820,
5191,Vagabond_Mantis,1213,
5192,PhaseTwo,1213,
5193,Betelgeuse,1213,
5194,DarkChiGo,1738,
5195,rako,1231,
5196,Kingsnovski,5640,
5197,Snovski,5640,
5198,Mamba,5640,
5210,majster,1307,
5211,Nomi,2090,
5213,histParadise,11967,
5216,ZackRush,13700,
5219,MemeBoi,10709,
5218,AnalConda,10709,
5222,Gleybish,12562,
5223,atlißløøÐ,1632,
5224,麦乐鸡块,12703,
5225,qkrfuddn,76,
5226,Goldensgower,13708,
5227,DevilDog,13711,
5228,BETONISHE,9979,
5229,Brainyac,13712,
5230,Team VK,,326
5231,xXQuickScope,9475,
5232,LtAssStache,9475,
5236,Vertilger,13488,
5237,SuZy,190,
5238,SERGIO_BUKKAKE,9221,
5245,ESQN,8234,
5246,Aizen,8234,
5247,RandallFlagg,8234,
5248,BlackTemplar,9975,
5249,lightweightKZ,4828,
5250,PROOF,7382,
5251,CheeseLegs,13063,
5252,djdbstn,125,
5253,WoodedMicrobe,10025,
5254,Euphoria,8357,
5255,ClownTown,8357,
5256,Zheka,172,
5258,flashbacktheone,13729,
5259,Weebsy,12926,
5260,Esprit,11400,
5261,PlsNerfZerg,13732,
5262,LordTimorus,10579,
5264,Robbie,10994,
5265,RainOnSky,11912,
5266,NNaruto,5630,
5267,HeilNaruto,5630,
5271,RyuKeN,7882,
5272,ReverSe,7882,
5273,WarSensation,13782,
5274,DijiDiji,13784,
5275,SliderArt,11652,
5278,nOIxNauL,12857,
5279,Harmony,7779,
5280,Settra,9276,
5281,Orel,9750,
5282,AlejandroMVP,12976,
5283,Batman,4934,
5284,SilentSword,13743,
5285,Chris,11911,
5287,CuongsKo,6030,
5289,CHEONSANA,12554,
5290,DrugBird,4196,
5291,EVAngeliON,12787,
5293,joonhokim,233,
5294,Hyuna,12382,
5295,PRØ KīŇgž,,329
5296,PRØ Kingz,,329
5297,PRO Kings,,329
5298,Koguryo,12680,
5299,Samuel,13726,
5300,Bugginator,13803,
5305,Wrex,13819,
5306,amarok,13819,
5307,Troyan,13819,
5308,SuN,612,
5309,sevenxsephi,13824,
5310,MaMe_tZ,2059,
5315,Governor,11229,
5316,IIIIDasIIII,10406,
5320,Hirohiro,11745,
5322,TheWildGame,11948,
5323,Ward13,10800,
5324,MVK,8173,
5325,Rodg,8173,
5326,RodGYoST,8173,
5327,twnt22,8642,
5328,Exited,13865,
5329,BETON,9979,
5330,rekrutibeton,9979,
5362,leewonpyo,16,
5363,JustKorty,9539,
5364,coLStandard,295,
5365,ace,13442,
5366,aceyo,13442,
5367,RTGZen,13879,
5368,RZGipsyDanger,12095,
5369,NuffyTV,10713,
5371,LNova,3172,
5373,Swiftone,11909,
5377,Kodi,13670,
5378,Braveheart,12602,
5379,ruo,12602,
5393,LiTLyra,13861,
5398,Shinigami,12321,
5401,sasmadjoker,10541,
5402,Eddie,2088,
5406,Anonymous,13102,
5407,aRaimaiRu,12766,
5409,Sonny,11339,
5410,DaeUhl,1155,
5414,Leo,9215,
5215,Zack,13700,
5292,Overmind,12787,
5312,classic,5974,
5417,Blitz,13903,
5418,KimYongsu,5078,
5419,num,10676,
5454,DavidWinX,10738,
5455,joshsaysbye,12261,
5457,DominiCtexeira,9347,
5458,Akashi,11643,
5459,KungFuhrer,12414,
5463,Nero,8169,
5464,KTJulyTerran,10179,
5465,stzu06rel,12863,
5466,Relentless,8169,
5467,Retribution,8169,
5468,F3Retribution,8169,
5469,Stella,8169,
5470,Afhrait,12856,
5471,ploguidice,13535,
5472,S9,13944,
5473,PapaSCraft,13944,
5474,eXXe,9252,
5476,FarineKing,8581,
5478,AvilosBunkBed,11608,
5479,Jimtoni,6782,
5480,zeakybeaver,10701,
5481,TerminarcH,9473,
5482,Zenegod,6912,
5487,BobbyAxelrod,13956,
5488,WindSlash,13613,
5494,Algorithm,9810,
5495,BistorkFans,7953,
5496,TurnM,12125,
5498,ÐºÐ¾Ð»Ñ,13969,
5499,Orion,11849,
5416,Sacrilege,9287,
5506,Sabo,1,
5507,EmoLing,13105,
5508,VeGUber,13917,
5509,Arraven,13994,
5510,magma,13999,
5511,AsunaYuan,13279,
5512,Mizulino,13903,
5513,BedrockForce,10713,
5514,Matt,9237,
5516,DelaSomBra,12741,
5517,KpeHgeJIb,8236,
5518,MrHesb,13638,
5522,Sergioareli,14025,
5523,xlucgamerx,14032,
5524,SHELL,12043,
5525,Tchami,13044,
5526,Muffinator,13567,
5527,searhere,13937,
5528,DenisMarkov,2213,
5529,MightyPutty,11434,
5530,GreenyWYD,10885,
5531,ParaDiseWYD,10885,
5532,WuMin,8106,
5533,Aary,7882,
5534,愛蜜莉雅,4734,
5535,iNNNNNNNNNNN,10029,
5536,Nicko,14055,
5537,listen,14071,
5538,Dubax,14073,
5540,Ganibal,14080,
5541,Nakajin,14084,
5546,Banana,14097,
5547,PhantomMonster,13785,
5548,Magento,13785,
5549,PlusUltra,13785,
5550,DESU,13107,
5551,jroland,14109,
5552,Solary,14112,
5553,pt33rod,12761,
5554,pterod,12761,
5555,OUKANA,14118,
5557,Scrottum,13221,
5558,CobraKai,11403,
5493,Atomic,8962,
5559,frank1994,14131,
5561,DivanMaker,9980,
5562,Mirtyelnino,13930,
5564,Forestalling,990,
5566,Wehrmacht,9385,
5567,ufnanah,14015,
5565,Acedede,13691,
5568,SunnysBlack,10090,
5569,CplGrunthor,14155,
5570,Celestial Wolves Gaming,,298
5571,Ir0nChain,,339
5572,CLUCKY,3808,
5573,Niyol,13522,
5582,Rin_Z,13967,
5583,Apath,11147,
5584,PUTIN,14199,
5585,ACE#14140,14223,
5586,POOPFEAST,12653,
5588,SeigSean,9590,
5589,The_Barcode,14074,
5591,mistrzu4321,11675,
5593,CraySKillous,8676,
5594,Rare#984,10463,
5597,Bubble,10699,
5598,ForeverYoung,172,
5599,TerranImba,13785,
5600,Serenity,13785,
5605,JamesBond,11939,
5602,Arthur,6040,
5603,wotcha,6040,
5601,Maverick,6040,
5604,Nobunaga,13785,
5606,WizardStorM,1726,
5607,Snow,14195,
5609,Ressentiment,14331,
5610,Liberty,14334,
5614,AcerLordTV,11884,
5615,Hesb,13638,
5616,PaLaDiN21,14246,
5617,tsunamiftw,12178,
5618,RimJaising,14013,
5619,MMc,8368,
5622,銀狐,1792,
5630,CentMk,14409,
5639,PiGJEWnior,14428,
5642,Mr78nine,11558,
5621,Kitsune,1792,
5556,wojtek,14124,
5648,bodzio,12699,
5649,Next Gaming,,350
5650,callmesparki,12113,
5652,masterbot,14311,
5654,CaptainFlam,14467,
5655,淡然,12737,
5657,Okeybroken,6970,
5659,OutofSpace,14495,
5660,Artikash,10349,
5664,OSC-ROOT,,39
5665,PlayTheLarva,14539,
5666,mintcrystal2889,14540,
5667,NDND,14537,
5669,Poo,4353,
5673,patotu,10760,
5674,Passer2300,14289,
5676,夜蝶,13361,
5684,stronghold,14574,
5685,WannaBeNeeb,14586,
5686,JanuszPL,11604,
5687,Alejandro,9679,
5688,latterliglett,5255,
5690,Savage,11844,
5693,Moda,12877,
5694,Raebys,10882,
5695,BlooDZerG,13182,
5703,TheFruitDude,3808,
5704,MirtyPRIME,13930,
5710,HumanHarvest,11912,
5711,HitEmUp,11912,
5712,NihiliSt,11912,
5713,XellOs,11912,
5726,srh357,9590,
5731,BlitZ,904,
5740,Melancholy,14408,
5741,CharmQuark,8336,
5742,jarek_bolo,14184,
5751,Softiceking,14656,
5754,Salton_sc2,14667,
5760,PhoeniX,9876,
5761,Galeru,8674,
5762,썩은고기덮밥,14106,
5763,Seeexymarine,14106,
5764,SukkenGogi,14106,
5765,majk02,14106,
5766,Jacobin,11422,
5767,effehj,10353,
5768,Jambi,8837,
5772,OhLordPlease,14684,
5773,themoOsician,5147,
5774,VintageCrispy,11190,
5775,Sorlandet,14695,
5776,MrBubbleDick,11608,
5777,Crustychode,11608,
5778,TheCoon,11608,
5780,SoFtBalL,783,
5781,Ares,14702,
5782,ECVisualize,,196
5783,DireRaven,14682,
5784,Kube(k)lek,14704,
5799,Qualia,9826,
5810,BooRadl3y,13850,
5811,ruo,10306,
5812,Wasteman,14231,
5814,uChoboMeGosu,12072,
5815,Nerf2213,14723,
5816,anxiouspanda,14726,
5817,DaunteD232,14464,
5823,Miles_Naismith,14196,
5824,UsIChivas,14746,
5825,Vici,14748,
5826,Quoleris,14739,
5830,GoloSC2,14754,
5831,HanaKana,13223,
5832,Kulka1,12119,
5833,steadyhead,205,
5834,Ezpz,205,
5835,Ultimate,205,
5836,倚风,14093,
5837,NightButterfly,13361,
5844,sowell,11147,
5846,scv,9011,
5847,spazsc,13713,
5848,NoPants,9197,
5849,Vycaro,14831,
5850,Piana,14178,
5851,SLAWEK,8516,
5852,Lucid,10559,
5853,Aura,10559,
5854,Solar424,8722,
5855,SlyZerg,5908,
5856,FlaskFrasarN,10908,
5857,Decus,14837,
5861,JKR,6923,
5862,inBlinking,14849,
5863,Adzybaby95,14491,
5864,mkprime,6923,
5865,MKP,6923,
5866,Forget,6923,
5867,ZoBo,6923,
5868,Lipski,7927,
5869,Archangel_PL,14858,
5870,granat9pk,14860,
5871,GurasOguras,14859,
5872,bartiko200,14856,
5873,jarek773,14197,
5876,eldanzo,10990,
5878,TisLajt,13801,
5879,Ahoyy,14910,
5880,Unfabulous,14379,
5881,czycha3,14379,
5883,Hunter763,9061,
5885,Jack,8157,
5886,ICensureI,465,
5887,NIIIN,15070,
5790,Rhyno,9826,
5662,Messi,14476,
5668,Fuego,13480,
5818,Undaunted,14464,
5889,NewKingKong,13331,
5890,dragonflyer,11159,
5893,RabbitKain,15088,
5894,ChinTiki,13172,
5895,Raphael,14319,
5901,Goats,14241,
5903,Тимати,5183,
5904,CombatEx,13170,
5906,SandroStrong,14657,
5907,FinesseSC,12178,
5908,TAS,13539,
5909,TTD,3530,
5910,커맨더,15106,
5911,HistND,14537,
5912,PowerOfsea,15109,
5913,PROboszcz,14660,
5914,Zerkimbapfu,14660,
5915,Marinemanpro,15125,
5917,MalteGiant,12640,
5920,ANdyO,1332,
5921,flaresc,10507,
5922,Darkness,15140,
5923,Kiara,15146,
5924,Sipe,15143,
5925,AstrixSc2,14918,
5930,Krewella,5751,
5931,EditorNChimp,5751,
5932,Yeezy,5751,
5933,extraplanar,5751,
5934,ckdrhs,5202,
5935,Savior,15156,
5937,BillyZane,12649,
5938,Ghost,12649,
5939,TheNSA,12649,
5940,Mapufa,15161,
5942,WithAShotgun,7419,
5943,Rob,12425,
5944,DiaoZhaSky,5275,
5945,BKGGCN,5275,
5946,萌萌达鸡,5275,
5947,PisenBKGG,5275,
5948,loneliness,11071,
5949,diG1234,14727,
5951,Heartland,11680,
5958,Kira,10756,
5959,ProfessorSad,7419,
5960,Mozgus_Chan,7419,
5961,Mozgus,7419,
5962,スタークラフトだいすき君,12914,
5963,DemiLove,5109,
5968,ziniyamb,15258,
5969,mletemps,14347,
5970,VACNeoX,15270,
5974,Karma,1058,
5975,maGe888,5887,
5977,Jett,6885,
5978,cyclicAMP,12053,
5979,Dryad,15289,
5981,Demoagra,15308,
5982,YoungW,14850,
5983,DeluxeWBO,15322,
5984,Hades,4830,
5985,Gauss,7932,
5986,DoodadHunter,9360,
5987,DonaldTrumm,9011,
5988,AliveHope,9011,
5989,MrAlgost,14159,
5990,LukS,14189,
5991,IIILuckyIII,14279,
5992,Reese57,15368,
5993,Peedronsl,9800,
5994,mimeron,9780,
5995,4Kingzz,15397,
5999,NukeOfficial,13961,
6007,NyssA,23,
6008,HaNa,15427,
6010,Bodzio,15234,
6011,Yogan,15318,
6012,DzikiAndrzej,15336,
6015,gaugau9999,15278,
6016,Mailandes,7450,
6017,K4cePhoenix,15287,
6020,SilverHawk,15168,
6021,SC2Tidus,5573,
6022,furaxbarbarossa,15400,
6023,ddooomm,4129,
6024,Money,4129,
6025,DeRuru,15259,
6026,Bourbond,15485,
6028,Lightning,11821,
6029,PassePartout,13599,
6036,HTTByuN,13650,
6040,Slowedinho,9028,
6042,Sesh,11726,
6043,enjoy420,11726,
6044,Erowid,11726,
6047,zergoprace,13846,
6048,CastieL,15614,
6049,Bojürn,15659,
6050,X Team,,275
6051,DerSundmun,13957,
6052,Clemence,160,
6054,ksksWarrior,15396,
6055,Farmcakes,9233,
6056,justice,4828,
6057,Raise,4828,
6058,ArtarnisQK,13929,
6059,Artarnis,13929,
6061,Prophecy Esports,,359
6063,dustUnTalMexicano,12796,
6053,VvEeGgOo,11755,
6067,CallMeSnacks,7779,
6068,ThiasHP,7779,
6069,MALTA,15727,
5905,ASB,12378,
6070,Sonic_sc2,12378,
6071,Meta,13435,
6072,HHs,14095,
6073,IntoTheKey,15155,
6074,IntoTheMuri,1756,
6075,LiKe,14939,
6076,NaNaSe,15221,
6077,oMFGxYoda,15497,
6080,Bleak96,14603,
6081,Ingbrigtsen,10140,
6085,Badylexus,14882,
6087,ǨâȐƫǫŊkeeee,13013,
6088,KC,6402,
6089,Kingman0815,15805,
6090,NuliNuliEthereal,13849,
6091,GoemonNinja,15760,
6096,GottaGoFast,6045,
6097,Raven,6045,
6098,AkirA,6045,
6099,SouL,6045,
6105,Passion11876,13469,
6107,MrKK,15701,
6108,MediKing,11909,
6109,sonrichs,15826,
6110,Gabcommander,12617,
6111,BangladeshSC2,15808,
6115,BillyRemake,12640,
6116,rAvioli,12640,
6117,Shomy666,15879,
6118,Marlboro,15882,
6119,Seventy91,15884,
6120,Camper,9980,
6121,motik700,9980,
6122,motik,9980,
6123,ScrAt,9980,
6124,meridug,13994,
6125,Aldan,13994,
6126,Kartonkeeee,13013,
6127,BuMaJKeee,13013,
6128,Azily,15887,
6129,MammouthQc,8209,
6130,miKiMaaaus,13650,
6132,Florujin,15912,
6133,MustangGT,15631,
6136,빵신형,15888,
6138,ZanyPants,15978,
6140,cosmia,12081,
6141,Aegidius,8895,
6142,Crysing,15691,
6143,Subby,5777,
6144,PacoGZ,12796,
6145,sCsC,12796,
6146,tranquilo,12796,
6148,ncotic_Doctor,13028,
6149,SGL,16021,
6131,HolyNeGaN,13650,
6150,MeCh,11472,
6151,BeAsTRC,11472,
6152,RTGBeAsT,11472,
6154,FuturE,13017,
6156,MonsieurRoss,5482,
6157,Ejwoda,10325,
6158,Hachimaki,10025,
6164,Albandebricoule,16057,
6165,k1fr91,16056,
6169,Ossy,6885,
6170,Oessy,6885,
6171,Boris_Adreil1,14549,
6172,DankShrine Pro,,348
6173,Gagrush,11912,
6174,BlueKnight,13866,
6175,Razvan,16091,
6176,awsdivel,14095,
6177,awsdival,14095,
6178,HelloAltrougE,14095,
6180,Pan,16098,
6184,GuGus,15734,
6185,gaybunni,13469,
6186,DR0PBASS,13469,
6187,Drop,13469,
6188,Dropp,13469,
6189,DontBanMeBro,13469,
6190,DubsteP,13469,
6191,FlaviaLaos,4231,
6192,LionsEKEmperor,7230,
6193,Suaveisme,15718,
6194,martinfrei86,16118,
6195,cypher0,16094,
6196,Satsukii,8644,
6198,tEhbAtZ,9703,
6199,FreedomscII,16174,
6200,Two,16172,
6202,TOPPNGAI,16064,
6203,ShiNoby,14080,
6204,OptimusPrime,7687,
6205,BliTz,11377,
6206,GeHäSsigKelT,11377,
6207,OsC,11377,
6208,OzKar,11377,
6209,OzDynasty,11377,
6210,theRJMurray,16172,
6211,SexyFox,7998,
6212,Rikkawudi,9815,
6213,今日,9815,
6214,Fate,9815,
6215,DoomCat,8427,
6216,keyler,16215,
6217,juliustm,16211,
6218,Devi,16216,
6219,azizbek,16220,
6220,AdonysShakaryan,14507,
6221,ookami17,16210,
6222,Menny,16217,
6223,Mmooro,15849,
6225,Ryuuki,14408,
6226,Serendipity,14408,
6227,Evilconkero,9343,
6228,DarkAngelGH,14607,
6229,PwTelivolts,905,
6230,vladi,10463,
6231,GopedStorm,15698,
6232,BlackPhoenix,16264,
6238,ZippZipper,10986,
6239,asdasda,14939,
6240,Ezequiel,14939,
6241,Manipulation,15628,
6242,YoG,16296,
6243,MiNiCrow,7982,
6244,Hammerzeit,14079,
6245,NewHotkeys,10062,
6246,Acuarion,16299,
6247,Marinac26,16295,
6248,upakowkamoloka,14547,
6253,HB,117,
6254,Hamstermind,13044,
6255,Lora,16326,
6252,heebeom,117,
6259,Someone,6058,
6260,Richer,13221,
6261,Deawesome,7687,
6262,TaeSooNoob,4098,
6263,LichQueen,5636,
6265,SwifTFiRe,9245,
6267,longzhis,16346,
6268,Arek,14176,
6269,ArekPL,14176,
6270,mano,9248,
6271,Neon,529,
6272,Venom,7999,
6273,PfloxX,12623,
6277,Link,9899,
6278,CHARLIE,16379,
6279,CkliwyKark,16373,
6280,LandCruiser,14603,
6281,Drake,11322,
6282,mbamse,16386,
6283,axel,16420,
6284,иван,16454,
6285,forgivemyown,15151,
6286,NextFuture,10337,
6287,qwersiK,16453,
6288,MainThing,14331,
6289,David,16466,
6291,fantasysc2,5688,
6292,huxLey,13914,
6293,Michal,16452,
6296,JIHADLOVER,14564,
6297,Nzs,8563,
6298,lemonade2,16169,
6299,BlacerLordTV,11884,
6300,STATICOwNz,11252,
6301,Paradise,5688,
6305,ByHisHand,15653,
6306,FutureofTerran,13017,
6307,ReyPigeon,13017,
6309,printf1234,10857,
6310,TheFlash,9450,
6312,Healt,12091,
6313,InfCereal,5000,
6314,Chosen,12996,
6315,Puzzle,11621,
6316,Health,16205,
6317,wookieechicken,11173,
6318,Maltazer,12640,
6319,Peters,13888,
6327,practice123,31,
6341,GhostKing,47,
6342,ejejs,47,
6343,SpeakNow,47,
6344,Renne,47,
6345,Campanella,47,
6346,Benz,47,
6347,Bleach,47,
6308,Skaut,14339,
6348,IntuitionSc2,15760,
6351,alswoxornjs,16205,
6352,IdrAge,16152,
6353,Gwynn,11964,
6355,Fuego,5459,
6356,shinebeast,14420,
6357,shinebeast12,14420,
6358,Tomyris,16559,
6362,Pokécatt,3954,
6363,Manofoneway,3954,
6364,dshdskdshk,3954,
6365,dhkdshdshk,3954,
6366,COSMOSSC2,14526,
6367,YLDZǂmufduu,9111,
6368,Contenlegaga,10819,
6369,LadderManRon,13705,
6370,TossImba,23,
6371,Shura,23,
6372,bigpowerzerg,23,
6373,ShareMySpirits,16680,
6374,Adi,16681,
6375,Jaedyn,16692,
6376,Dac92,15209,
6377,gotohome,16637,
6378,pan1x,16525,
6379,ILoveCandies,16525,
6380,Spalium,16729,
6381,ElFabadas,9533,
6382,Billowy,195,
6383,ShedMan,11422,
6384,bender,16480,
6385,akira__,11568,
6389,Yoyisc2,16785,
6390,Maxime Hego,12091,
6391,Pixtsup62,12091,
6392,Lufia,354,
6393,Homura,15826,
6394,Renzo22,15662,
6396,blackpink,16810,
6397,Vladimir,15646,
6398,h3ppy,16829,
6399,Tekeru,14419,
6400,Oscariiiiiiiiin,16839,
6401,ilyjk,6117,
6402,FoX,16805,
6403,AprilB,16807,
6404,blackmanba,16215,
6405,BloodRaven,5482,
6406,Home,16637,
6407,Megumin,14063,
6408,Linley,9899,
6409,MCpRom,9899,
6410,RageHobby,9899,
6411,inc,9899,
6412,OneAutumLeaf,9899,
6413,HighFlow,15530,
6414,NorthStar,14459,
6415,Fedex,13008,
6416,MacroNCheese,13846,
6417,DonaldTrump,13846,
6418,HappyPants,13846,
6419,FunkyPants,16906,
6420,NewKing,13331,
6421,Monpetityogo,13331,
6423,Falcon,12868,
6424,Gotteron,,385
6425,SilentStorm,9669,
6426,KAWAIIDESU,10986,
6427,Risk_269,8170,
6428,StevenOxygenreni,16869,
6429,Milord,15897,
6430,Politonal Bird,16932,
6431,MisterFux,13846,
6432,TVVphenX,16938,
6433,SRTZlililili,16941,
6435,LiquidHuK,16929,
6441,REAL_AVILO,9249,
6444,fantasy25,11477,
6445,TerranABUSE,11477,
6446,Heggy,16116,
6450,Павел,16564,
6451,Pavel,16564,
6452,IncarnatioN,16549,
6453,Naama,16549,
6454,aezakmi_,14000,
6455,BBangShinhyung,15888,
6456,CodeC,15888,
6457,tnsgh,16671,
6458,KaimyTW,16851,
6459,XCet,13311,
6460,Melmen,4917,
6461,EnjoyAMD,5826,
6462,Kellermann,10913,
6463,HorseWhisper,16874,
6464,eatagyul,215,
6466,thatswhatido,11424,
6467,darkside343,17015,
6469,sigh123,17030,
6470,SCRIS,16254,
6471,hoG,5448,
6472,t1t1,5448,
6473,tOne,5448,
6474,てぃーわん,5448,
6475,ouking,16857,
6476,RosscOx,16950,
6477,WolvenBGS,16955,
6479,Garant,1134,
6481,Parečník59,17043,
6482,Parečník,17043,
6491,KingRaze,9087,
6493,Cobalt,9087,
6494,KingKanye,9087,
6495,MidaS,9087,
6496,Tungdil,17043,
6498,ColdnessCalms,6422,
6507,tyson2,16015,
6508,pootispow,17064,
6509,Rekto,17076,
6510,Tavogg,17044,
6511,MoneyCollector,6937,
6512,Shakti,957,
6513,AlaSReformed,312,
6517,hos majkrem,17091,
6518,Pushover,17089,
6519,Abyss_Best,15752,
6520,BootyPlunder,9280,
6522,Gilles,8895,
6523,powerHM,229,
6524,huyn315,229,
6525,LEQ,17113,
6526,BowmanSX,4489,
6527,NineYrOldMac,4489,
6528,SISISISISISI,16121,
6529,Artanis,15402,
6530,Ebrithil,15303,
6531,CaleneW,9400,
6532,ShuriCMoi,6911,
6533,tesagi,13890,
6534,exonym,12254,
6535,Lowzz,17152,
6536,바나나킹,16520,
6537,Sheep,16520,
6539,Holo,14063,
6540,MephistoSC2,14063,
6541,uHveeLoW,14063,
6542,Shinobu,14063,
6543,Menma,14063,
6544,FiteSumCrime,11434,
6545,NutriaPrime,11489,
6546,Prime_SC2,11489,
6547,Sorrow,11489,
6548,Grimmy,17189,
6549,SnoWWSC2,4779,
6550,pukubTH,12946,
6551,superH,16807,
6552,miked_2418,9395,
6553,Contrast,17191,
6554,JuteMonster,7545,
6557,keevandance,17110,
6558,saltedfries,272,
6559,arrqwe,272,
6560,Fegir,13961,
6561,Nuke,13961,
6563,HaraldRudobrody,8631,
6565,DisKie,9314,
6566,SpeedLingPote,16235,
6572,zergwudi,5635,
6576,Spirit,14834,
6577,challontea,17182,
6578,Ayaka,10780,
6579,레아,14352,
6580,Mikrusek,17346,
6581,RadekDana,1192,
6587,PTB-YouNai,12061,
6589,VACNeoX,17332,
6590,cutecute,11752,
6591,BlackBoX27,16020,
6593,Melmoth,17372,
6594,Nikrik,17372,
6595,TeslaTank,10764,
6596,EdOne,2088,
6597,DevianT,2088,
6598,Eddiesc2,2088,
6600,Martin,17394,
6601,Ryze,17316,
6605,LosLight,14935,
6606,TheLonelyLight,14935,
6607,Light,14935,
6610,GogoGadgeto,7998,
6618,tomera,5130,
6619,Endure,2281,
6620,ZhangPQ,2281,
6621,SpaceMarine,7154,
6622,bytiye,17497,
6623,hihihi131313,17498,
6624,174908273,17529,
6626,soloasrmigi,17202,
6627,Miran,17578,
6629,DarkLink,17332,
6630,stranger,17162,
6631,Fearomatic,4540,
6632,Emyn,5612,
6635,Serch123,17637,
6636,taedaj,17643,
6637,saccharose,15951,
6638,NaFo,16060,
6639,DREDGE_John,17677,
6641,MechNoSkill,15815,
6642,GoldenPlayer555,17437,
6643,Rayne,12817,
6646,fonexx,17158,
6652,ClassPark,1641,
6653,秋镰游刃,11224,
6654,暗自空许的忘川,11224,
6655,雨皇花,11224,
6575,YutakaHoshino,13411,
6656,SimonDominic,17190,
6657,UrunHero,16024,
6658,Kizaru1234,17714,
6659,XxMetalxX,15777,
6660,landrewasp,17739,
6661,Bebeway,13070,
6662,Radko,9537,
6664,GGVicious,17699,
6665,Administration,11036,
6668,GL,,324
6669,TheDeed,17063,
6670,NiBemben,10664,
6672,Markensalz,7138,
6673,Silvano,7138,
6674,StealthyBanana,10062,
6675,PYRO_Reaper,16187,
6676,IFeverIReaper,16187,
6677,Buffmutepls,17638,
6678,rafalbballer,10335,
6679,BarbaraDUrso,4920,
6680,TeoSaurus,17829,
6681,mutafucaz,15102,
6682,Smile,5459,
6667,Chaussures,14932,
6683,IAmJohnSC2,12634,
6684,ethan156,17876,
6685,EvrsioArchon,17355,
6687,Winnithit,17053,
6688,Ch1Ch1,17675,
6689,MaxSakaR,15423,
6691,Starlit,12967,
6692,Kranes,17906,
6693,xOBlackWing,16725,
6694,Adagramus,11312,
6695,The_East,10632,
6696,Biscuit,17979,
6697,4raxpro,17979,
6698,DrCat,12967,
6699,HatsuneMiku,12967,
6700,HappyRussian,12967,
6701,Simp,,401
6702,OVERmind228,17778,
6703,KnighT,594,
6704,Tileä,594,
6705,DE_fourtwenty,18020,
6706,E_jo3,18024,
6707,PARVIAINEN,5130,
6708,Jens,5130,
6709,Gildenlöw,5130,
6710,tolagaws,5130,
6711,meelmyeon,16263,
6712,JohnGoodmam,17327,
6714,NagisaShiota,6035,
6715,Predators Esports,,396
6716,Tesla,10994,
6717,VelociRaptor,13182,
6718,Tt.cScLucifer,13182,
6719,Lucifer,13182,
6721,auble,10298,
6723,Psionic Aftermath,,375
6724,SyS_gg,18048,
6725,Hannibal,14564,
6727,Moonman,15277,
6728,GutyGaming,18199,
6729,NimzoBoe,16957,
6730,Arthur,18202,
6732,ztsmax,7953,
6733,Z.T.S,7953,
6734,SCgoodman,7953,
6735,Joao,17874,
6737,BravoI,537,
6738,Justin,13326,
6739,DramaKing,16590,
6740,BattleTag#14501289,17201,
6741,LuckyPants,18241,
6743,Frame,12233,
6745,丸山彩,744,
6746,YogerAN,17385,
6747,ShanZe,537,
6748,Achilles,537,
6749,Happy123,537,
6751,BoostedGirl,4557,
6753,ArchangeL,9831,
6754,eTnexe,18362,
6755,EmBanGiay,18284,
6756,BIGmuzzy,17778,
6757,REDACTED,18176,
6758,aForest,14707,
6759,"",,382
6760,16thSquadSanseki,11226,
6761,Ballsavage,13736,
6762,FreePuddle,12903,
6763,Proxy,12996,
6764,iProxy,12996,
6765,Liquidmonk,18422,
6766,EmmaWatson,11410,
6774,EdgiDaeV,8418,
6775,GamerDEVVOOO,8418,
6789,CDC,18426,
6791,MorrisLP,8646,
6792,KiWi,8646,
6801,IPE,12918,
6802,Gaucher,13691,
6803,Elbbarino,13009,
6804,Lollybear,13009,
6805,TimeTravler,14559,
6806,EraSE,14559,
6807,Lirilak,14559,
6808,FarmYjyj,18221,
6809,wheeto,18411,
6810,Biscuit,14922,
6811,SpiralBiscuit,14922,
6813,SyMes,9314,
6814,Harry,18500,
6816,Prototype450,8809,
6817,Justiceiro28,16630,
6819,a51Scrubbles,18532,
6821,ScribbleS,8809,
6822,Minato,1058,
6823,EoliticK,1058,
6824,ApRioRi,1058,
6825,KuoVenChin,1058,
6826,ShanaOwO,5635,
6827,Meteor,5635,
6828,Onjoujitoki,5635,
6829,三族统领随机娜,5635,
6830,Athenewins,5635,
6832,HatsuneMiku,18579,
6836,Tyr,16864,
6837,TATAGIBA,16864,
6838,Güffel,18524,
6839,Panzerwagen,230,
6841,Rem,14844,
6842,Team LP,,420
6850,alexander069,18418,
6851,Kodasaurus,18224,
6855,CptPwnSauce,18663,
6856,ClientLopez,18665,
6857,LuisChico,18375,
6858,sOk,18684,
6859,Templar1,18605,
6860,MysteryMan,17433,
6861,MrGumo,18112,
6862,DarkLycid,12186,
6863,ForceFireDK,16157,
6864,EDYTOR,18381,
6868,PlebLord,14067,
6869,hallosc,13633,
6871,FinnsoN,9152,
6872,BraHak,17518,
6873,hulkgb,17514,
6874,上头呆,18779,
6875,SlideAway,12687,
6876,MilkiCowKekeke,12918,
6878,FastShit,12918,
6879,CowsLuvMilk,12918,
6880,iampukich,12918,
6881,LizaMoneta,12918,
6884,WorD,1023,
6885,Aiurius,1023,
6886,PlayGame,735,
6887,kato,13701,
6888,RNG,14062,
6889,ExCiTeR,18833,
6891,Juggler,8975,
6892,Naerok,10062,
6893,缘如燕芳,13715,
6877,SKillkiCow,12918,
6894,Mamut,5563,
6895,Flits,15749,
6896,BamBamBigi,15474,
6899,EnzaDenino,9238,
6900,UGOlovander,18243,
6901,szluzero,10633,
6902,steis,16237,
6903,ACE,9238,
6904,Voltz,9238,
6905,Cicada,9238,
6906,Delking,4055,
6573,Sayo,13411,
6574,TrickstaR,13411,
6907,McNuggets,13411,
6908,Sayo,13411,
6909,YutakaHoshino,13411,
6910,Duxx,18904,
6914,Geavdelanasa,18911,
6915,dieAnanas,10716,
6916,SttE.Creator,18095,
6917,时间是解药/张启堃,18930,
6923,Dekl4n,18769,
6924,sc2green1231,18872,
6925,zokker,16351,
6926,WalkingMeme,18834,
6927,BabySharkX,10738,
6931,某人的目光,12061,
6932,烟花辣么凉,12061,
6933,烟花那么凉,12061,
6934,mosdoctor,12061,
6935,LYJ,12061,
6936,Hyperion666,18967,
6937,SephirothKen,18634,
6938,tommy,18981,
6939,paranoid,16785,
6940,havefun,18980,
6941,lolisuki,18985,
6942,大同,14320,
6943,東京熱不熱,18986,
6944,NOPAKON,9644,
6945,Minna,18508,
6947,曹永亮,17135,
6948,SinLinGinGon,19027,
6949,Apologize,14093,
6950,小坚强,12989,
6951,AEWSomething,19025,
6952,Mikels,11800,
6953,Mischa,11800,
6954,ZiP,11800,
6955,lovatelz,18951,
6956,SlayerS,18762,
6957,spec93,19081,
6958,FirsToDie,18615,
6959,GOKU,19073,
6960,Raedwulf,18027,
6962,DriupMatt,18975,
6963,Indycza Armia,,411
6964,TVZ,13625,
6965,Artanis,13625,
6966,Eternitygames,13625,
6968,TATP,17540,
6969,Funcio,15402,
6970,Zero,16652,
6971,Yui_Σ,18003,
6972,Alex,18402,
6973,OralRock,14691,
6974,REDemption,19049,
6975,Queen,19234,
6978,military365,18558,
6979,Envy,19257,
6980,Player 1,,418
6981,bulldozer,5203,
6982,EqoR,18834,
6983,YizusOurSaviour,19299,
6984,kurosuzume,19268,
6987,ILoveHanatan,19339,
6988,Gerald,18822,
6989,Stron_Dir,13424,
6990,Destroyer,16430,
6991,Scare,15158,
6992,Olivar,15158,
6994,sp1rlt,15229,
6995,Patrickmac5,18135,
6996,John,17327,
6997,wtf23451,18874,
6999,Stewie2000,17871,
7000,Simon702,12554,
7001,Simon,12554,
7002,Anteiku,12554,
7003,M.Thit,19428,
7004,HannibalvD,15140,
7005,Eternity,19405,
7006,Nanohezna,11745,
7007,dade,11745,
7008,Hi da ne,11745,
7009,Nano,11745,
7010,Hirohirohiro,11745,
7011,Remember,4733,
7012,Rikka,5938,
7013,Lancelot,5938,
7014,小鸟游六花,5938,
7015,妙娃种子,5938,
7016,sdgehu,5938,
7017,LEorSilky,5938,
7018,XTYato,5938,
7019,TVSNightOwl,5938,
7020,Hukuro,5938,
7024,Kaszanas,14909,
7025,Cichosza,10100,
7028,kensho,1155,
7029,anahata,1155,
7030,THCBOMB,1155,
7031,Spy12150,19543,
7032,kimjunsick,19134,
7034,ZenioH,18975,
7035,Krayotic,16745,
7036,Arc,18424,
7037,Molten,14115,
7038,fazedgg,12131,
7039,Zuu,19541,
7040,henry245,18047,
7041,PogChamp,19545,
7042,StormSky,19449,
7043,Da-PiGu Team,,442
7044,KannaKamu,1332,
7045,wurmi,1332,
7046,MeNotGood,1332,
7047,Kamiiiii,1332,
7048,Hope,10129,
7049,Bjorge85,19604,
7050,Lassebjoorge,19603,
7051,Taavi,7507,
7052,XtinC,19457,
7053,rAf,14000,
7054,rav,14000,
7055,st4chursky,14000,
7056,Jonathan_Geri,19320,
7057,FreeZ11,8041,
7058,AGO Esports,,404
7059,郑力瑜,19658,
7060,teipdrol,19665,
7061,greenshade,19689,
7062,Talen,19695,
7063,KamiKaze,19702,
7064,ranger,19714,
7065,Axelufas,19727,
7066,Alex9sc2,19359,
7068,ProtossNam,1320,
7069,曲世爱,8980,
7072,钟思博,17387,
7073,Action,17387,
7074,动作指导,17387,
7075,王润聪,19403,
7076,LPgod,19222,
7079,PTBfaith,11996,
7080,Understarrr,19403,
7081,蓝星,19403,
7082,Havoc733,17250,
7083,Iverynoob,19772,
7084,PADORUrei,19797,
7085,ProtossIsImba,18417,
7086,Holdaen,18614,
7087,endurance,19799,
7088,rnlwoqkr,19642,
7089,Migotamu,18631,
7090,Migo,18631,
7091,light,19848,
7092,FiRePl4y,15283,
7093,Shinji,13083,
7094,Sata,13083,
7095,BlackPsycho,17151,
7096,ValidusSolar,19823,
7098,chelseafan,13535,
7099,danil2002012ZXC,19903,
7100,Revive Uprise,,449
7101,andrejggwp,19352,
7102,Andreyggwp,19352,
7103,DarkKenny654,11264,
7104,eyevulk,19453,
7105,HeaTOnT,19928,
7106,GhostlySwarm,11092,
7107,darLinG,11092,
7108,daisydaisyxo,11092,
7109,YiTongnian,19748,
7110,Heroulit,19734,
7111,HugeGabe,18284,
7112,Whiteshadow,19125,
7113,Vell,20011,
7115,DaX,20030,
7116,Jontabu,19331,
7117,Activation,15165,
7118,innae,19876,
7119,geEn,20034,
7121,Zixpunk,19589,
7122,Bruh,19125,
7123,Knock1204,20064,
7124,PanicMaru,20066,
7125,fanta201x,1320,
7126,MissFanta,1320,
7127,VietNameS,1320,
7128,Silent,19923,
7129,Jenasin,19956,
7130,puxo,20008,
7131,LouiseFranco,20118,
7132,iRaWa,20065,
7133,Sauerkraut,20129,
7135,TerBHDMaru1,20066,
7136,Forged Force Gaming,,276
7137,puCK,317,
7139,Kim JunSik,19134,
7140,KaKaroot,20118,
7141,turicsa,19555,
7142,emcifi,15744,
7143,Zahherr,20211,
7144,JordiViana,20212,
7146,Daenerys,19828,
7147,Penguin81,20154,
7148,SaoriKimura,16553,
7149,Sansai,20265,
7150,MaksimRU,15217,
7151,Faith,19225,
7152,babyyyyyyyyy,20295,
7153,任松杰,13362,
7154,铁血龙,20300,
7155,Cxo05,20280,
7156,adriangoh132,20303,
7157,Tsubasa,10217,
7161,aiSoG,16233,
7162,sAirAw,16233,
7163,THRANDUlL,16233,
7164,SungJoon,16233,
7165,WAR,16233,
7166,eXon,,453
7167,NightSkyα,19308,
7170,KeLTiCThunDa,13959,
7171,Crazyness,19868,
7172,LM5 BR,20187,
7177,ABliltY,20189,
7178,두퉁탃,20275,
7179,Rikka,19485,
7180,NasiLemak,20231,
7183,Hyderia1893,19101,
7184,Asheone,20302,
7185,Luna,19234,
7186,회색빛저그,19234,
7187,MAKSIM2010,15217,
7188,Dima,20442,
7189,HailToTheKing,20447,
7190,reFLeX01,10580,
7191,viperllr,4339,
7192,MajinBoo,14141,
7193,KoRi,16259,
7194,MaVaiACagare,20241,
7195,The Bad,,461
7196,望夜的star,18809,
7197,leublix,17870,
7198,sok26,20452,
7202,Buddy,7365,
7203,Curry,7365,
7204,박준섭,7365,
7205,Sub,7365,
7206,Kyle,7365,
7207,FanetoFiness,20241,
7208,Pluto2001,20677,
7209,Flare,15916,
7210,DjHurricane,13967,
7211,Foreigner,13967,
7212,Delusion,13967,
7213,SKiller,13967,
7214,BoneCrusheR,13967,
7215,SKILLer,13967,
7216,RGPATT,19101,
7217,TurnN,19101,
7218,WIBU,19101,
7219,Hyderia,19101,
7222,Ministration,11036,
7223,fauxVILO,9249,
7224,NSElucius,9249,
7225,AlphaBetaGo,9249,
7226,MechMonRoe,9249,
7227,RunTong,9249,
7228,ANTIsukko,9249,
7229,Fenix16,20755,
7230,Kai,20297,
7231,Yax,7100,
7232,Sincere,10029,
7233,GagBoy,2583,
7234,7mk,4651,
7235,zima,20792,
7236,Matiz_pl,428,
7237,SHSX,20875,
7238,iLLusioN.ReW,2817,
7239,Zerg~Legend,2817,
7240,NightSkya,19308,
7241,Toxi78,3620,
7242,Sfydjklm,2850,
7243,ElTwingo,13551,
7244,DewaArimasen,9071,
7245,simplicity,9071,
7246,mak0z,959,
7247,MCMax,2943,
7248,zero,14547,
7249,Pirata24,15815,
7250,TonyMontana,15815,
7251,SonOfAvilo,15815,
7252,공두현,20915,
7269,NaWe,1337,
7270,Metanija,1337,
7271,Nithala,1337,
7272,Stormhoof,1337,
7273,B_u_G,1337,
7274,Moqorro,1337,
7275,CasiN,1337,
7276,Pistolatv,17510,
7277,Enema,7379,
7278,Sclol,7379,
7279,Geo.Rion,1355,
7280,huni,391,
7281,Burat,1771,
7282,Sagiri,17114,
7283,Achilles,2915,
7284,newnewb,3030,
7285,NikitosPower,20703,
7286,PippiNs,20128,
7287,Chris,20474,
7288,Saran4a,21063,
7289,Electroboyz,13959,
7290,RiaSGreMory,13959,
7291,RawPower,13959,
7292,dudeman001,2821,
7293,chadissilent,5713,
7294,Adrenaline Seed,6749,
7295,Keith,3901,
7296,TOP,92,
7297,ggs_s2,92,
7298,DoctorRyan,19376,
7299,PotatoKitty,19836,
7300,VorteXLamb,19556,
7301,FlashME,19030,
7302,通缉令,8427,
7303,aae4,21013,
7304,RealMaker,254,
7305,Number,18136,
7306,Soularium,19405,
7307,OSgZEuweb,19579,
7308,MOMOrning,17623,
7309,Torasaki,16102,
7310,Iwannaknow,17623,
7311,MRCYLS_Human,21249,
7312,ЭпичнаяМышь,21008,
7313,Клубничка,20920,
7314,Magician,21014,
7315,MakoG,20203,
7316,ШУНТ,21277,
7317,ToRToRToRToR,1894,
7318,Lapack,17182,
7320,GodofWaR,20802,
7321,OptimistC,19817,
7322,zerO,13713,
7323,Spaz,13713,
7324,GRIMxREAPER,13205,
7325,KaOzFeiT,19077,
7326,GamerFinnsoN,6018,
7327,Dalton,10990,
7328,BinkleS,20802,
7329,BugS,20802,
7330,A735,20812,
7331,SmoKe,21096,
7332,kabanambaone,12187,
7333,B1oodrain,8544,
7334,AladinMDFK,21077,
7335,Blade_9216,21400,
7336,Kori,16545,
7337,SecretNinja,21313,
7338,enzonalz,20450,
7339,OBezerra,21493,
7340,Osiris,6219,
7341,excision,6219,
7342,ZhoukaN,7167,
7343,Ackee,7167,
7344,HRZMonstR,7167,
7345,Gouki,7167,
7346,Seryu,21510,
7347,SoZauce,19961,
7348,Mozx,21536,
7349,Hoshi,21065,
7350,bob,20566,
7351,bob_26449,20566,
7352,Crowbar,7170,
7355,Celiumn,8373,
7356,Mochi,8373,
7357,bongbaeboo,8373,
7358,Aires,5744,
7359,xJustxJordanx,16731,
7360,aspect,12081,
7361,pOint,12081,
7362,SafAlex,21182,
7363,RepmEs,5118,
7364,hale,5118,
7365,EmJaeCaer,19277,
